HydraSAT Master Server
========================
[config] ──────────────────────────────────────
[config]  dynamicTimeout    : true
[config]  timeoutMultiplier : 2.00×
[config]  initialTimeoutSec : 0 (0=∞ until first completion)
[config]  readFolder        : true
[config]  inputFolder       : cnf_instances
[config]  outputLog         : results/benchmark.csv
[config]  maxWorkers        : 4 (0=unlimited)
[config]  benchmarkLabel    : "4w_trial1"
[config] ──────────────────────────────────────
[main] readFolder: found 22 .cnf files in cnf_instances
2026/04/16 08:54:06 Failed to start gRPC server: failed to listen on :1208: listen tcp :1208: bind: address already in use
HydraSAT Master Server
========================
[config] ──────────────────────────────────────
[config]  dynamicTimeout    : true
[config]  timeoutMultiplier : 2.00×
[config]  initialTimeoutSec : 0 (0=∞ until first completion)
[config]  readFolder        : true
[config]  inputFolder       : cnf_instances
[config]  outputLog         : results/benchmark.csv
[config]  maxWorkers        : 4 (0=unlimited)
[config]  benchmarkLabel    : "4w_trial1"
[config] ──────────────────────────────────────
[main] readFolder: found 22 .cnf files in cnf_instances
[master] gRPC server listening on :1208
[main] Workers can now connect. TUI: run './tui_bin' in another terminal.


[1/22] Loading CNF: cnf_instances/rand3sat_100v_300c.cnf
  100 vars, 300 clauses
[master] Solving cnf_instances/rand3sat_100v_300c.cnf  (64 initial cubes)
[master] Worker [worker-1@hydra-sat] requested a task
[master] Task 1 → worker-1@hydra-sat  cube=[74 89 91 93 95 96]  timeout=2147483647s
[master] Worker [worker-4@hydra-sat] requested a task
[master] Task 2 → worker-4@hydra-sat  cube=[74 89 91 93 95 -96]  timeout=2147483647s
[master] Worker [worker-7@hydra-sat] requested a task
[master] Task 3 → worker-7@hydra-sat  cube=[74 89 91 93 -95 96]  timeout=2147483647s
[master] Worker [worker-3@hydra-sat] requested a task
[master] Task 4 → worker-3@hydra-sat  cube=[74 89 91 93 -95 -96]  timeout=2147483647s
[master] Worker worker-1@hydra-sat task 1: count=2193696076  avg=2.8s  next_timeout=6s
[master] Worker [worker-1@hydra-sat] requested a task
[master] Task 5 → worker-1@hydra-sat  cube=[74 89 91 -93 95 96]  timeout=6s
[master] Worker worker-7@hydra-sat task 3: count=1989400718  avg=2.8s  next_timeout=6s
[master] Worker [worker-7@hydra-sat] requested a task
[master] Task 6 → worker-7@hydra-sat  cube=[74 89 91 -93 95 -96]  timeout=6s
[master] Worker worker-4@hydra-sat task 2: count=9295179734  avg=2.9s  next_timeout=6s
[master] Worker [worker-4@hydra-sat] requested a task
[master] Task 7 → worker-4@hydra-sat  cube=[74 89 91 -93 -95 96]  timeout=6s
[master] Worker worker-3@hydra-sat task 4: count=25581053062  avg=3.0s  next_timeout=7s
[master] Worker [worker-3@hydra-sat] requested a task
[master] Task 8 → worker-3@hydra-sat  cube=[74 89 91 -93 -95 -96]  timeout=7s
[master] Worker worker-1@hydra-sat task 5: count=3772022388  avg=3.0s  next_timeout=7s
[master] Worker [worker-1@hydra-sat] requested a task
[master] Task 9 → worker-1@hydra-sat  cube=[74 89 -91 93 95 96]  timeout=7s
[master] Worker worker-4@hydra-sat task 7: count=3208163826  avg=3.0s  next_timeout=6s
[master] Worker [worker-4@hydra-sat] requested a task
[master] Task 10 → worker-4@hydra-sat  cube=[74 89 -91 93 95 -96]  timeout=6s
[master] Worker worker-7@hydra-sat task 6: count=3699098873  avg=3.0s  next_timeout=7s
[master] Worker [worker-7@hydra-sat] requested a task
[master] Task 11 → worker-7@hydra-sat  cube=[74 89 -91 93 -95 96]  timeout=7s
[master] Worker worker-3@hydra-sat task 8: count=8677806347  avg=3.0s  next_timeout=7s
[master] Worker [worker-3@hydra-sat] requested a task
[master] Task 12 → worker-3@hydra-sat  cube=[74 89 -91 93 -95 -96]  timeout=7s
[master] Worker worker-1@hydra-sat task 9: count=1162861666  avg=3.0s  next_timeout=6s
[master] Worker [worker-1@hydra-sat] requested a task
[master] Task 13 → worker-1@hydra-sat  cube=[74 89 -91 -93 95 96]  timeout=6s
[master] Worker worker-4@hydra-sat task 10: count=8063435267  avg=3.0s  next_timeout=6s
[master] Worker [worker-4@hydra-sat] requested a task
[master] Task 14 → worker-4@hydra-sat  cube=[74 89 -91 -93 95 -96]  timeout=6s
[master] Worker worker-7@hydra-sat task 11: count=6362782998  avg=3.0s  next_timeout=6s
[master] Worker [worker-7@hydra-sat] requested a task
[master] Task 15 → worker-7@hydra-sat  cube=[74 89 -91 -93 -95 96]  timeout=6s
[master] Worker worker-3@hydra-sat task 12: count=57666683785  avg=3.0s  next_timeout=6s
[master] Worker [worker-3@hydra-sat] requested a task
[master] Task 16 → worker-3@hydra-sat  cube=[74 89 -91 -93 -95 -96]  timeout=6s
[master] Worker worker-1@hydra-sat task 13: count=811302406  avg=2.9s  next_timeout=6s
[master] Worker [worker-1@hydra-sat] requested a task
[master] Task 17 → worker-1@hydra-sat  cube=[74 -89 91 93 95 96]  timeout=6s
[master] Worker worker-4@hydra-sat task 14: count=2349976547  avg=2.9s  next_timeout=6s
[master] Worker [worker-4@hydra-sat] requested a task
[master] Task 18 → worker-4@hydra-sat  cube=[74 -89 91 93 95 -96]  timeout=6s
[master] Worker worker-7@hydra-sat task 15: count=5310971627  avg=2.9s  next_timeout=6s
[master] Worker [worker-7@hydra-sat] requested a task
[master] Task 19 → worker-7@hydra-sat  cube=[74 -89 91 93 -95 96]  timeout=6s
[master] Worker worker-3@hydra-sat task 16: count=23302963539  avg=2.9s  next_timeout=6s
[master] Worker [worker-3@hydra-sat] requested a task
[master] Task 20 → worker-3@hydra-sat  cube=[74 -89 91 93 -95 -96]  timeout=6s
[master] Worker worker-1@hydra-sat task 17: count=84166692  avg=2.8s  next_timeout=6s
[master] Worker [worker-1@hydra-sat] requested a task
[master] Task 21 → worker-1@hydra-sat  cube=[74 -89 91 -93 95 96]  timeout=6s
[master] Worker worker-7@hydra-sat task 19: count=91484556  avg=2.8s  next_timeout=6s
[master] Worker [worker-7@hydra-sat] requested a task
[master] Task 22 → worker-7@hydra-sat  cube=[74 -89 91 -93 95 -96]  timeout=6s
[master] Worker worker-4@hydra-sat task 18: count=425057116  avg=2.7s  next_timeout=6s
[master] Worker [worker-4@hydra-sat] requested a task
[master] Task 23 → worker-4@hydra-sat  cube=[74 -89 91 -93 -95 96]  timeout=6s
[master] Worker worker-1@hydra-sat task 21: count=70690996  avg=2.7s  next_timeout=6s
[master] Worker [worker-1@hydra-sat] requested a task
[master] Task 24 → worker-1@hydra-sat  cube=[74 -89 91 -93 -95 -96]  timeout=6s
[master] Worker worker-3@hydra-sat task 20: count=3280295322  avg=2.7s  next_timeout=6s
[master] Worker [worker-3@hydra-sat] requested a task
[master] Task 25 → worker-3@hydra-sat  cube=[74 -89 -91 93 95 96]  timeout=6s
[master] Worker worker-4@hydra-sat task 23: count=54267672  avg=2.7s  next_timeout=6s
[master] Worker [worker-4@hydra-sat] requested a task
[master] Task 26 → worker-4@hydra-sat  cube=[74 -89 -91 93 95 -96]  timeout=6s
[master] Worker worker-7@hydra-sat task 22: count=100205488  avg=2.7s  next_timeout=6s
[master] Worker [worker-7@hydra-sat] requested a task
[master] Task 27 → worker-7@hydra-sat  cube=[74 -89 -91 93 -95 96]  timeout=6s
[master] Worker worker-7@hydra-sat task 27: count=43722600  avg=2.6s  next_timeout=6s
[master] Worker [worker-7@hydra-sat] requested a task
[master] Task 28 → worker-7@hydra-sat  cube=[74 -89 -91 93 -95 -96]  timeout=6s
[master] Worker worker-3@hydra-sat task 25: count=26024992  avg=2.5s  next_timeout=6s
[master] Worker [worker-3@hydra-sat] requested a task
[master] Task 29 → worker-3@hydra-sat  cube=[74 -89 -91 -93 95 96]  timeout=6s
[master] Worker worker-4@hydra-sat task 26: count=448949118  avg=2.5s  next_timeout=6s
[master] Worker [worker-4@hydra-sat] requested a task
[master] Task 30 → worker-4@hydra-sat  cube=[74 -89 -91 -93 95 -96]  timeout=6s
[master] Worker worker-1@hydra-sat task 24: count=1065196147  avg=2.5s  next_timeout=6s
[master] Worker [worker-1@hydra-sat] requested a task
[master] Task 31 → worker-1@hydra-sat  cube=[74 -89 -91 -93 -95 96]  timeout=6s
[master] Worker worker-3@hydra-sat task 29: count=55183264  avg=2.5s  next_timeout=5s
[master] Worker [worker-3@hydra-sat] requested a task
[master] Task 32 → worker-3@hydra-sat  cube=[74 -89 -91 -93 -95 -96]  timeout=5s
[master] Worker worker-7@hydra-sat task 28: count=4669844144  avg=2.5s  next_timeout=5s
[master] Worker [worker-7@hydra-sat] requested a task
[master] Task 33 → worker-7@hydra-sat  cube=[-74 89 91 93 95 96]  timeout=5s
[master] Worker worker-1@hydra-sat task 31: count=65929540  avg=2.4s  next_timeout=5s
[master] Worker [worker-1@hydra-sat] requested a task
[master] Task 34 → worker-1@hydra-sat  cube=[-74 89 91 93 95 -96]  timeout=5s
[master] Worker worker-4@hydra-sat task 30: count=226300280  avg=2.4s  next_timeout=5s
[master] Worker [worker-4@hydra-sat] requested a task
[master] Task 35 → worker-4@hydra-sat  cube=[-74 89 91 93 -95 96]  timeout=5s
[master] Worker worker-3@hydra-sat task 32: count=2580271528  avg=2.4s  next_timeout=5s
[master] Worker [worker-3@hydra-sat] requested a task
[master] Task 36 → worker-3@hydra-sat  cube=[-74 89 91 93 -95 -96]  timeout=5s
[master] Worker worker-4@hydra-sat task 35: count=3185681344  avg=2.4s  next_timeout=5s
[master] Worker [worker-4@hydra-sat] requested a task
[master] Task 37 → worker-4@hydra-sat  cube=[-74 89 91 -93 95 96]  timeout=5s
[master] Worker worker-1@hydra-sat task 34: count=23233608750  avg=2.4s  next_timeout=5s
[master] Worker [worker-1@hydra-sat] requested a task
[master] Task 38 → worker-1@hydra-sat  cube=[-74 89 91 -93 95 -96]  timeout=5s
[master] Worker worker-7@hydra-sat task 33: count=96602183619  avg=2.5s  next_timeout=5s
[master] Worker [worker-7@hydra-sat] requested a task
[master] Task 39 → worker-7@hydra-sat  cube=[-74 89 91 -93 -95 96]  timeout=5s
[master] Worker worker-3@hydra-sat task 36: count=5176781508  avg=2.5s  next_timeout=5s
[master] Worker [worker-3@hydra-sat] requested a task
[master] Task 40 → worker-3@hydra-sat  cube=[-74 89 91 -93 -95 -96]  timeout=5s
[master] Worker worker-1@hydra-sat task 38: count=11696859436  avg=2.5s  next_timeout=5s
[master] Worker [worker-1@hydra-sat] requested a task
[master] Task 41 → worker-1@hydra-sat  cube=[-74 89 -91 93 95 96]  timeout=5s
[master] Worker worker-4@hydra-sat task 37: count=44428276273  avg=2.5s  next_timeout=6s
[master] Worker [worker-4@hydra-sat] requested a task
[master] Task 42 → worker-4@hydra-sat  cube=[-74 89 -91 93 95 -96]  timeout=6s
[master] Worker worker-7@hydra-sat task 39: count=4107373510  avg=2.5s  next_timeout=6s
[master] Worker [worker-7@hydra-sat] requested a task
[master] Task 43 → worker-7@hydra-sat  cube=[-74 89 -91 93 -95 96]  timeout=6s
[master] Worker worker-3@hydra-sat task 40: count=1399460082  avg=2.5s  next_timeout=6s
[master] Worker [worker-3@hydra-sat] requested a task
[master] Task 44 → worker-3@hydra-sat  cube=[-74 89 -91 93 -95 -96]  timeout=6s
[master] Worker worker-4@hydra-sat task 42: count=1092465806  avg=2.5s  next_timeout=6s
[master] Worker [worker-4@hydra-sat] requested a task
[master] Task 45 → worker-4@hydra-sat  cube=[-74 89 -91 -93 95 96]  timeout=6s
[master] Worker worker-7@hydra-sat task 43: count=458062940  avg=2.5s  next_timeout=5s
[master] Worker [worker-7@hydra-sat] requested a task
[master] Task 46 → worker-7@hydra-sat  cube=[-74 89 -91 -93 95 -96]  timeout=5s
[master] Worker worker-3@hydra-sat task 44: count=107708656  avg=2.5s  next_timeout=5s
[master] Worker [worker-3@hydra-sat] requested a task
[master] Task 47 → worker-3@hydra-sat  cube=[-74 89 -91 -93 -95 96]  timeout=5s
[master] Worker worker-1@hydra-sat task 41: count=2885385604  avg=2.5s  next_timeout=5s
[master] Worker [worker-1@hydra-sat] requested a task
[master] Task 48 → worker-1@hydra-sat  cube=[-74 89 -91 -93 -95 -96]  timeout=5s
[master] Worker worker-7@hydra-sat task 46: count=478396779  avg=2.5s  next_timeout=5s
[master] Worker [worker-7@hydra-sat] requested a task
[master] Task 49 → worker-7@hydra-sat  cube=[-74 -89 91 93 95 96]  timeout=5s
[master] Worker worker-1@hydra-sat task 48: count=188058376  avg=2.5s  next_timeout=5s
[master] Worker [worker-1@hydra-sat] requested a task
[master] Task 50 → worker-1@hydra-sat  cube=[-74 -89 91 93 95 -96]  timeout=5s
[master] Worker worker-4@hydra-sat task 45: count=3892412984  avg=2.5s  next_timeout=5s
[master] Worker [worker-4@hydra-sat] requested a task
[master] Task 51 → worker-4@hydra-sat  cube=[-74 -89 91 93 -95 96]  timeout=5s
[master] Worker worker-4@hydra-sat task 51: count=348288  avg=2.4s  next_timeout=5s
[master] Worker [worker-4@hydra-sat] requested a task
[master] Task 52 → worker-4@hydra-sat  cube=[-74 -89 91 93 -95 -96]  timeout=5s
[master] Worker worker-3@hydra-sat task 47: count=2511779262  avg=2.4s  next_timeout=5s
[master] Worker [worker-3@hydra-sat] requested a task
[master] Task 53 → worker-3@hydra-sat  cube=[-74 -89 91 -93 95 96]  timeout=5s
[master] Worker worker-7@hydra-sat task 49: count=938593468  avg=2.4s  next_timeout=5s
[master] Worker [worker-7@hydra-sat] requested a task
[master] Task 54 → worker-7@hydra-sat  cube=[-74 -89 91 -93 95 -96]  timeout=5s
[master] Worker worker-1@hydra-sat task 50: count=143199590  avg=2.4s  next_timeout=5s
[master] Worker [worker-1@hydra-sat] requested a task
[master] Task 55 → worker-1@hydra-sat  cube=[-74 -89 91 -93 -95 96]  timeout=5s
[master] Worker worker-4@hydra-sat task 52: count=27310048  avg=2.4s  next_timeout=5s
[master] Worker [worker-4@hydra-sat] requested a task
[master] Task 56 → worker-4@hydra-sat  cube=[-74 -89 91 -93 -95 -96]  timeout=5s
[master] Worker worker-1@hydra-sat task 55: count=368674  avg=2.4s  next_timeout=5s
[master] Worker [worker-1@hydra-sat] requested a task
[master] Task 57 → worker-1@hydra-sat  cube=[-74 -89 -91 93 95 96]  timeout=5s
[master] Worker worker-3@hydra-sat task 53: count=2563814655  avg=2.4s  next_timeout=5s
[master] Worker [worker-3@hydra-sat] requested a task
[master] Task 58 → worker-3@hydra-sat  cube=[-74 -89 -91 93 95 -96]  timeout=5s
[master] Worker worker-3@hydra-sat task 58: count=7534200  avg=2.4s  next_timeout=5s
[master] Worker [worker-3@hydra-sat] requested a task
[master] Task 59 → worker-3@hydra-sat  cube=[-74 -89 -91 93 -95 96]  timeout=5s
[master] Worker worker-3@hydra-sat task 59: count=20480  avg=2.3s  next_timeout=5s
[master] Worker [worker-3@hydra-sat] requested a task
[master] Task 60 → worker-3@hydra-sat  cube=[-74 -89 -91 93 -95 -96]  timeout=5s
[master] Worker worker-1@hydra-sat task 57: count=68304960  avg=2.3s  next_timeout=5s
[master] Worker [worker-1@hydra-sat] requested a task
[master] Task 61 → worker-1@hydra-sat  cube=[-74 -89 -91 -93 95 96]  timeout=5s
[master] Worker worker-3@hydra-sat task 60: count=615120  avg=2.3s  next_timeout=5s
[master] Worker [worker-3@hydra-sat] requested a task
[master] Task 62 → worker-3@hydra-sat  cube=[-74 -89 -91 -93 95 -96]  timeout=5s
[master] Worker worker-7@hydra-sat task 54: count=290153926  avg=2.3s  next_timeout=5s
[master] Worker [worker-7@hydra-sat] requested a task
[master] Task 63 → worker-7@hydra-sat  cube=[-74 -89 -91 -93 -95 96]  timeout=5s
[master] Worker worker-4@hydra-sat task 56: count=43647244  avg=2.3s  next_timeout=5s
[master] Worker [worker-4@hydra-sat] requested a task
[master] Task 64 → worker-4@hydra-sat  cube=[-74 -89 -91 -93 -95 -96]  timeout=5s
[master] Worker worker-7@hydra-sat task 63: count=12450592  avg=2.3s  next_timeout=5s
[master] Worker [worker-7@hydra-sat] requested a task
[master] Worker [worker-6@hydra-sat] requested a task
[master] Worker [worker-0@hydra-sat] requested a task
[master] Worker [worker-2@hydra-sat] requested a task
[master] Worker [worker-5@hydra-sat] requested a task
[master] Worker worker-3@hydra-sat task 62: count=65263366  avg=2.3s  next_timeout=5s
[master] Worker [worker-3@hydra-sat] requested a task
[master] Worker worker-4@hydra-sat task 64: count=30136240  avg=2.3s  next_timeout=5s
[master] Worker [worker-4@hydra-sat] requested a task
[master] Worker worker-1@hydra-sat task 61: count=963294686  avg=2.3s  next_timeout=5s
[master] cnf_instances/rand3sat_100v_300c.cnf done in 40.4s — holding 3s for TUI…
[logger] failed to open log: open results/benchmark.csv: permission denied
[master] Worker [worker-1@hydra-sat] requested a task
=======================================
SOLVING COMPLETE
  File:        cnf_instances/rand3sat_100v_300c.cnf
  Model Count: 383334538780
=======================================

[2/22] Loading CNF: cnf_instances/rand3sat_100v_420c.cnf
  100 vars, 420 clauses
[master] Solving cnf_instances/rand3sat_100v_420c.cnf  (64 initial cubes)
[master] Worker [worker-7@hydra-sat] requested a task
[master] Task 1 → worker-7@hydra-sat  cube=[74 75 89 93 97 100]  timeout=2147483647s
[master] Worker worker-7@hydra-sat task 1: count=0  avg=0.0s  next_timeout=1s
[master] Worker [worker-7@hydra-sat] requested a task
[master] Task 2 → worker-7@hydra-sat  cube=[74 75 89 93 97 -100]  timeout=1s
[master] Worker worker-7@hydra-sat task 2: count=0  avg=0.0s  next_timeout=1s
[master] Worker [worker-7@hydra-sat] requested a task
[master] Task 3 → worker-7@hydra-sat  cube=[74 75 89 93 -97 100]  timeout=1s
[master] Worker worker-7@hydra-sat task 3: count=0  avg=0.0s  next_timeout=1s
[master] Worker [worker-7@hydra-sat] requested a task
[master] Task 4 → worker-7@hydra-sat  cube=[74 75 89 93 -97 -100]  timeout=1s
[master] Worker worker-7@hydra-sat task 4: count=0  avg=0.0s  next_timeout=1s
[master] Worker [worker-7@hydra-sat] requested a task
[master] Task 5 → worker-7@hydra-sat  cube=[74 75 89 -93 97 100]  timeout=1s
[master] Worker worker-7@hydra-sat task 5: count=0  avg=0.0s  next_timeout=1s
[master] Worker [worker-7@hydra-sat] requested a task
[master] Task 6 → worker-7@hydra-sat  cube=[74 75 89 -93 97 -100]  timeout=1s
[master] Worker worker-7@hydra-sat task 6: count=0  avg=0.0s  next_timeout=1s
[master] Worker [worker-7@hydra-sat] requested a task
[master] Task 7 → worker-7@hydra-sat  cube=[74 75 89 -93 -97 100]  timeout=1s
[master] Worker worker-7@hydra-sat task 7: count=0  avg=0.0s  next_timeout=1s
[master] Worker [worker-7@hydra-sat] requested a task
[master] Task 8 → worker-7@hydra-sat  cube=[74 75 89 -93 -97 -100]  timeout=1s
[master] Worker worker-7@hydra-sat task 8: count=0  avg=0.0s  next_timeout=1s
[master] Worker [worker-7@hydra-sat] requested a task
[master] Task 9 → worker-7@hydra-sat  cube=[74 75 -89 93 97 100]  timeout=1s
[master] Worker worker-7@hydra-sat task 9: count=0  avg=0.0s  next_timeout=1s
[master] Worker [worker-7@hydra-sat] requested a task
[master] Task 10 → worker-7@hydra-sat  cube=[74 75 -89 93 97 -100]  timeout=1s
[master] Worker worker-7@hydra-sat task 10: count=0  avg=0.0s  next_timeout=1s
[master] Worker [worker-7@hydra-sat] requested a task
[master] Task 11 → worker-7@hydra-sat  cube=[74 75 -89 93 -97 100]  timeout=1s
[master] Worker worker-7@hydra-sat task 11: count=0  avg=0.0s  next_timeout=1s
[master] Worker [worker-7@hydra-sat] requested a task
[master] Task 12 → worker-7@hydra-sat  cube=[74 75 -89 93 -97 -100]  timeout=1s
[master] Worker worker-7@hydra-sat task 12: count=0  avg=0.0s  next_timeout=1s
[master] Worker [worker-7@hydra-sat] requested a task
[master] Task 13 → worker-7@hydra-sat  cube=[74 75 -89 -93 97 100]  timeout=1s
[master] Worker worker-7@hydra-sat task 13: count=0  avg=0.0s  next_timeout=1s
[master] Worker [worker-7@hydra-sat] requested a task
[master] Task 14 → worker-7@hydra-sat  cube=[74 75 -89 -93 97 -100]  timeout=1s
[master] Worker worker-7@hydra-sat task 14: count=0  avg=0.0s  next_timeout=1s
[master] Worker [worker-7@hydra-sat] requested a task
[master] Task 15 → worker-7@hydra-sat  cube=[74 75 -89 -93 -97 100]  timeout=1s
[master] Worker worker-7@hydra-sat task 15: count=0  avg=0.0s  next_timeout=1s
[master] Worker [worker-7@hydra-sat] requested a task
[master] Task 16 → worker-7@hydra-sat  cube=[74 75 -89 -93 -97 -100]  timeout=1s
[master] Worker worker-7@hydra-sat task 16: count=0  avg=0.0s  next_timeout=1s
[master] Worker [worker-7@hydra-sat] requested a task
[master] Task 17 → worker-7@hydra-sat  cube=[74 -75 89 93 97 100]  timeout=1s
[master] Worker worker-7@hydra-sat task 17: count=0  avg=0.0s  next_timeout=1s
[master] Worker [worker-7@hydra-sat] requested a task
[master] Task 18 → worker-7@hydra-sat  cube=[74 -75 89 93 97 -100]  timeout=1s
[master] Worker worker-7@hydra-sat task 18: count=0  avg=0.0s  next_timeout=1s
[master] Worker [worker-7@hydra-sat] requested a task
[master] Task 19 → worker-7@hydra-sat  cube=[74 -75 89 93 -97 100]  timeout=1s
[master] Worker worker-7@hydra-sat task 19: count=0  avg=0.0s  next_timeout=1s
[master] Worker [worker-7@hydra-sat] requested a task
[master] Task 20 → worker-7@hydra-sat  cube=[74 -75 89 93 -97 -100]  timeout=1s
[master] Worker worker-7@hydra-sat task 20: count=0  avg=0.0s  next_timeout=1s
[master] Worker [worker-7@hydra-sat] requested a task
[master] Task 21 → worker-7@hydra-sat  cube=[74 -75 89 -93 97 100]  timeout=1s
[master] Worker worker-7@hydra-sat task 21: count=0  avg=0.0s  next_timeout=1s
[master] Worker [worker-7@hydra-sat] requested a task
[master] Task 22 → worker-7@hydra-sat  cube=[74 -75 89 -93 97 -100]  timeout=1s
[master] Worker worker-7@hydra-sat task 22: count=0  avg=0.0s  next_timeout=1s
[master] Worker [worker-7@hydra-sat] requested a task
[master] Task 23 → worker-7@hydra-sat  cube=[74 -75 89 -93 -97 100]  timeout=1s
[master] Worker worker-7@hydra-sat task 23: count=0  avg=0.0s  next_timeout=1s
[master] Worker [worker-7@hydra-sat] requested a task
[master] Task 24 → worker-7@hydra-sat  cube=[74 -75 89 -93 -97 -100]  timeout=1s
[master] Worker worker-7@hydra-sat task 24: count=0  avg=0.0s  next_timeout=1s
[master] Worker [worker-7@hydra-sat] requested a task
[master] Task 25 → worker-7@hydra-sat  cube=[74 -75 -89 93 97 100]  timeout=1s
[master] Worker worker-7@hydra-sat task 25: count=0  avg=0.0s  next_timeout=1s
[master] Worker [worker-7@hydra-sat] requested a task
[master] Task 26 → worker-7@hydra-sat  cube=[74 -75 -89 93 97 -100]  timeout=1s
[master] Worker worker-7@hydra-sat task 26: count=0  avg=0.0s  next_timeout=1s
[master] Worker [worker-7@hydra-sat] requested a task
[master] Task 27 → worker-7@hydra-sat  cube=[74 -75 -89 93 -97 100]  timeout=1s
[master] Worker worker-7@hydra-sat task 27: count=0  avg=0.0s  next_timeout=1s
[master] Worker [worker-7@hydra-sat] requested a task
[master] Task 28 → worker-7@hydra-sat  cube=[74 -75 -89 93 -97 -100]  timeout=1s
[master] Worker worker-7@hydra-sat task 28: count=0  avg=0.0s  next_timeout=1s
[master] Worker [worker-7@hydra-sat] requested a task
[master] Task 29 → worker-7@hydra-sat  cube=[74 -75 -89 -93 97 100]  timeout=1s
[master] Worker [worker-5@hydra-sat] requested a task
[master] Worker [worker-0@hydra-sat] requested a task
[master] Task 30 → worker-5@hydra-sat  cube=[74 -75 -89 -93 97 -100]  timeout=1s
[master] Worker [worker-6@hydra-sat] requested a task
[master] Task 31 → worker-0@hydra-sat  cube=[74 -75 -89 -93 -97 100]  timeout=1s
[master] Worker [worker-2@hydra-sat] requested a task
[master] Task 33 → worker-2@hydra-sat  cube=[-74 75 89 93 97 100]  timeout=1s
[master] Task 32 → worker-6@hydra-sat  cube=[74 -75 -89 -93 -97 -100]  timeout=1s
[master] Worker worker-7@hydra-sat task 29: count=0  avg=0.0s  next_timeout=1s
[master] Worker worker-0@hydra-sat task 31: count=0  avg=0.0s  next_timeout=1s
[master] Worker worker-6@hydra-sat task 32: count=0  avg=0.0s  next_timeout=1s
[master] Worker worker-2@hydra-sat task 33: count=0  avg=0.0s  next_timeout=1s
[master] Worker [worker-0@hydra-sat] requested a task
[master] Task 34 → worker-0@hydra-sat  cube=[-74 75 89 93 97 -100]  timeout=1s
[master] Worker [worker-6@hydra-sat] requested a task
[master] Task 35 → worker-6@hydra-sat  cube=[-74 75 89 93 -97 100]  timeout=1s
[master] Worker worker-5@hydra-sat task 30: count=0  avg=0.0s  next_timeout=1s
[master] Worker [worker-2@hydra-sat] requested a task
[master] Task 36 → worker-2@hydra-sat  cube=[-74 75 89 93 -97 -100]  timeout=1s
[master] Worker [worker-5@hydra-sat] requested a task
[master] Task 37 → worker-5@hydra-sat  cube=[-74 75 89 -93 97 100]  timeout=1s
[master] Worker worker-0@hydra-sat task 34: count=0  avg=0.0s  next_timeout=1s
[master] Worker [worker-0@hydra-sat] requested a task
[master] Task 38 → worker-0@hydra-sat  cube=[-74 75 89 -93 97 -100]  timeout=1s
[master] Worker worker-5@hydra-sat task 37: count=0  avg=0.0s  next_timeout=1s
[master] Worker worker-6@hydra-sat task 35: count=0  avg=0.0s  next_timeout=1s
[master] Worker [worker-5@hydra-sat] requested a task
[master] Task 39 → worker-5@hydra-sat  cube=[-74 75 89 -93 -97 100]  timeout=1s
[master] Worker worker-2@hydra-sat task 36: count=0  avg=0.0s  next_timeout=1s
[master] Worker [worker-6@hydra-sat] requested a task
[master] Task 40 → worker-6@hydra-sat  cube=[-74 75 89 -93 -97 -100]  timeout=1s
[master] Worker [worker-2@hydra-sat] requested a task
[master] Task 41 → worker-2@hydra-sat  cube=[-74 75 -89 93 97 100]  timeout=1s
[master] Worker worker-0@hydra-sat task 38: count=0  avg=0.0s  next_timeout=1s
[master] Worker [worker-0@hydra-sat] requested a task
[master] Task 42 → worker-0@hydra-sat  cube=[-74 75 -89 93 97 -100]  timeout=1s
[master] Worker worker-5@hydra-sat task 39: count=0  avg=0.0s  next_timeout=1s
[master] Worker worker-6@hydra-sat task 40: count=0  avg=0.0s  next_timeout=1s
[master] Worker worker-2@hydra-sat task 41: count=0  avg=0.0s  next_timeout=1s
[master] Worker [worker-5@hydra-sat] requested a task
[master] Task 43 → worker-5@hydra-sat  cube=[-74 75 -89 93 -97 100]  timeout=1s
[master] Worker [worker-6@hydra-sat] requested a task
[master] Task 44 → worker-6@hydra-sat  cube=[-74 75 -89 93 -97 -100]  timeout=1s
[master] Worker [worker-2@hydra-sat] requested a task
[master] Task 45 → worker-2@hydra-sat  cube=[-74 75 -89 -93 97 100]  timeout=1s
[master] Worker worker-2@hydra-sat task 45: count=0  avg=0.0s  next_timeout=1s
[master] Worker [worker-2@hydra-sat] requested a task
[master] Task 46 → worker-2@hydra-sat  cube=[-74 75 -89 -93 97 -100]  timeout=1s
[master] Worker worker-0@hydra-sat task 42: count=0  avg=0.0s  next_timeout=1s
[master] Worker [worker-0@hydra-sat] requested a task
[master] Task 47 → worker-0@hydra-sat  cube=[-74 75 -89 -93 -97 100]  timeout=1s
[master] Worker worker-5@hydra-sat task 43: count=0  avg=0.0s  next_timeout=1s
[master] Worker [worker-5@hydra-sat] requested a task
[master] Task 48 → worker-5@hydra-sat  cube=[-74 75 -89 -93 -97 -100]  timeout=1s
[master] Worker worker-6@hydra-sat task 44: count=0  avg=0.0s  next_timeout=1s
[master] Worker [worker-6@hydra-sat] requested a task
[master] Task 49 → worker-6@hydra-sat  cube=[-74 -75 89 93 97 100]  timeout=1s
[master] Worker worker-2@hydra-sat task 46: count=0  avg=0.0s  next_timeout=1s
[master] Worker [worker-2@hydra-sat] requested a task
[master] Task 50 → worker-2@hydra-sat  cube=[-74 -75 89 93 97 -100]  timeout=1s
[master] Worker worker-0@hydra-sat task 47: count=0  avg=0.0s  next_timeout=1s
[master] Worker worker-5@hydra-sat task 48: count=0  avg=0.0s  next_timeout=1s
[master] Worker [worker-0@hydra-sat] requested a task
[master] Task 51 → worker-0@hydra-sat  cube=[-74 -75 89 93 -97 100]  timeout=1s
[master] Worker [worker-5@hydra-sat] requested a task
[master] Task 52 → worker-5@hydra-sat  cube=[-74 -75 89 93 -97 -100]  timeout=1s
[master] Worker worker-6@hydra-sat task 49: count=0  avg=0.0s  next_timeout=1s
[master] Worker [worker-6@hydra-sat] requested a task
[master] Task 53 → worker-6@hydra-sat  cube=[-74 -75 89 -93 97 100]  timeout=1s
[master] Worker worker-0@hydra-sat task 51: count=0  avg=0.0s  next_timeout=1s
[master] Worker [worker-0@hydra-sat] requested a task
[master] Task 54 → worker-0@hydra-sat  cube=[-74 -75 89 -93 97 -100]  timeout=1s
[master] Worker worker-5@hydra-sat task 52: count=0  avg=0.0s  next_timeout=1s
[master] Worker [worker-5@hydra-sat] requested a task
[master] Task 55 → worker-5@hydra-sat  cube=[-74 -75 89 -93 -97 100]  timeout=1s
[master] Worker worker-2@hydra-sat task 50: count=0  avg=0.0s  next_timeout=1s
[master] Worker [worker-2@hydra-sat] requested a task
[master] Task 56 → worker-2@hydra-sat  cube=[-74 -75 89 -93 -97 -100]  timeout=1s
[master] Worker worker-6@hydra-sat task 53: count=0  avg=0.0s  next_timeout=1s
[master] Worker [worker-6@hydra-sat] requested a task
[master] Task 57 → worker-6@hydra-sat  cube=[-74 -75 -89 93 97 100]  timeout=1s
[master] Worker worker-5@hydra-sat task 55: count=0  avg=0.0s  next_timeout=1s
[master] Worker [worker-5@hydra-sat] requested a task
[master] Task 58 → worker-5@hydra-sat  cube=[-74 -75 -89 93 97 -100]  timeout=1s
[master] Worker worker-2@hydra-sat task 56: count=0  avg=0.0s  next_timeout=1s
[master] Worker [worker-2@hydra-sat] requested a task
[master] Task 59 → worker-2@hydra-sat  cube=[-74 -75 -89 93 -97 100]  timeout=1s
[master] Worker worker-0@hydra-sat task 54: count=0  avg=0.0s  next_timeout=1s
[master] Worker [worker-0@hydra-sat] requested a task
[master] Task 60 → worker-0@hydra-sat  cube=[-74 -75 -89 93 -97 -100]  timeout=1s
[master] Worker worker-6@hydra-sat task 57: count=0  avg=0.0s  next_timeout=1s
[master] Worker [worker-6@hydra-sat] requested a task
[master] Task 61 → worker-6@hydra-sat  cube=[-74 -75 -89 -93 97 100]  timeout=1s
[master] Worker worker-5@hydra-sat task 58: count=0  avg=0.0s  next_timeout=1s
[master] Worker [worker-5@hydra-sat] requested a task
[master] Task 62 → worker-5@hydra-sat  cube=[-74 -75 -89 -93 97 -100]  timeout=1s
[master] Worker worker-2@hydra-sat task 59: count=0  avg=0.0s  next_timeout=1s
[master] Worker worker-0@hydra-sat task 60: count=0  avg=0.0s  next_timeout=1s
[master] Worker [worker-2@hydra-sat] requested a task
[master] Task 63 → worker-2@hydra-sat  cube=[-74 -75 -89 -93 -97 100]  timeout=1s
[master] Worker [worker-0@hydra-sat] requested a task
[master] Task 64 → worker-0@hydra-sat  cube=[-74 -75 -89 -93 -97 -100]  timeout=1s
[master] Worker worker-6@hydra-sat task 61: count=0  avg=0.0s  next_timeout=1s
[master] Worker [worker-6@hydra-sat] requested a task
[master] Worker worker-5@hydra-sat task 62: count=0  avg=0.0s  next_timeout=1s
[master] Worker [worker-5@hydra-sat] requested a task
[master] Worker worker-0@hydra-sat task 64: count=0  avg=0.0s  next_timeout=1s
[master] Worker [worker-0@hydra-sat] requested a task
[master] Worker worker-2@hydra-sat task 63: count=0  avg=0.0s  next_timeout=1s
[master] cnf_instances/rand3sat_100v_420c.cnf done in 3.0s — holding 3s for TUI…
[logger] failed to open log: open results/benchmark.csv: permission denied
[master] Worker [worker-2@hydra-sat] requested a task
[master] Worker [worker-3@hydra-sat] requested a task
[master] Worker [worker-4@hydra-sat] requested a task
[master] Worker [worker-1@hydra-sat] requested a task
[master] Worker [worker-7@hydra-sat] requested a task
=======================================
SOLVING COMPLETE
  File:        cnf_instances/rand3sat_100v_420c.cnf
  Model Count: 0
=======================================

[3/22] Loading CNF: cnf_instances/rand3sat_140v_420c.cnf
  140 vars, 420 clauses
[master] Solving cnf_instances/rand3sat_140v_420c.cnf  (64 initial cubes)
[master] Worker [worker-6@hydra-sat] requested a task
[master] Task 1 → worker-6@hydra-sat  cube=[73 118 128 137 138 140]  timeout=2147483647s
[master] Worker [worker-5@hydra-sat] requested a task
[master] Task 2 → worker-5@hydra-sat  cube=[73 118 128 137 138 -140]  timeout=2147483647s
[master] Worker [worker-0@hydra-sat] requested a task
[master] Task 3 → worker-0@hydra-sat  cube=[73 118 128 137 -138 140]  timeout=2147483647s
[master] Worker [worker-2@hydra-sat] requested a task
[master] Task 4 → worker-2@hydra-sat  cube=[73 118 128 137 -138 -140]  timeout=2147483647s
[master] Worker worker-2@hydra-sat task 4: count=569625986250218  avg=76.2s  next_timeout=153s
[master] Worker [worker-2@hydra-sat] requested a task
[master] Task 5 → worker-2@hydra-sat  cube=[73 118 128 -137 138 140]  timeout=153s
[master] Worker worker-2@hydra-sat task 5: count=177255980918200  avg=45.5s  next_timeout=92s
[master] Worker [worker-2@hydra-sat] requested a task
[master] Task 6 → worker-2@hydra-sat  cube=[73 118 128 -137 138 -140]  timeout=92s
[master] Worker worker-2@hydra-sat task 6: count=31585003970120  avg=34.0s  next_timeout=69s
[master] Worker [worker-2@hydra-sat] requested a task
[master] Task 7 → worker-2@hydra-sat  cube=[73 118 128 -137 -138 140]  timeout=69s
[master] Worker worker-5@hydra-sat TIMEOUT task 2: cube=[73 118 128 137 138 -140] — splitting (JW)
[master] Worker [worker-5@hydra-sat] requested a task
[master] Task 8 → worker-5@hydra-sat  cube=[73 118 128 -137 -138 -140]  timeout=69s
[master] Worker worker-0@hydra-sat TIMEOUT task 3: cube=[73 118 128 137 -138 140] — splitting (JW)
[master] Worker [worker-0@hydra-sat] requested a task
[master] Task 9 → worker-0@hydra-sat  cube=[73 118 -128 137 138 140]  timeout=69s
[master] Worker worker-6@hydra-sat TIMEOUT task 1: cube=[73 118 128 137 138 140] — splitting (JW)
[master] Worker [worker-6@hydra-sat] requested a task
[master] Task 10 → worker-6@hydra-sat  cube=[73 118 -128 137 138 -140]  timeout=69s
[master] Worker worker-5@hydra-sat task 8: count=90247856316329  avg=30.6s  next_timeout=62s
[master] Worker [worker-5@hydra-sat] requested a task
[master] Task 11 → worker-5@hydra-sat  cube=[73 118 -128 137 -138 140]  timeout=62s
[master] Worker worker-2@hydra-sat task 7: count=561223214928284  avg=33.1s  next_timeout=67s
[master] Worker [worker-2@hydra-sat] requested a task
[master] Task 12 → worker-2@hydra-sat  cube=[73 118 -128 137 -138 -140]  timeout=67s
[master] Worker worker-6@hydra-sat task 10: count=2160594375423203  avg=34.7s  next_timeout=70s
[master] Worker [worker-6@hydra-sat] requested a task
[master] Task 13 → worker-6@hydra-sat  cube=[73 118 -128 -137 138 140]  timeout=70s
[master] Worker worker-6@hydra-sat task 13: count=125410103682852  avg=31.7s  next_timeout=64s
[master] Worker [worker-6@hydra-sat] requested a task
[master] Task 14 → worker-6@hydra-sat  cube=[73 118 -128 -137 138 -140]  timeout=64s
[master] Worker worker-6@hydra-sat task 14: count=9024570083393  avg=28.9s  next_timeout=58s
[master] Worker [worker-6@hydra-sat] requested a task
[master] Task 15 → worker-6@hydra-sat  cube=[73 118 -128 -137 -138 140]  timeout=58s
[master] Worker worker-0@hydra-sat TIMEOUT task 9: cube=[73 118 -128 137 138 140] — splitting (JW)
[master] Worker [worker-0@hydra-sat] requested a task
[master] Task 16 → worker-0@hydra-sat  cube=[73 118 -128 -137 -138 -140]  timeout=58s
[master] Worker worker-0@hydra-sat task 16: count=226493808395384  avg=27.0s  next_timeout=55s
[master] Worker [worker-0@hydra-sat] requested a task
[master] Task 17 → worker-0@hydra-sat  cube=[73 -118 128 137 138 140]  timeout=55s
[master] Worker worker-5@hydra-sat TIMEOUT task 11: cube=[73 118 -128 137 -138 140] — splitting (JW)
[master] Worker [worker-5@hydra-sat] requested a task
[master] Task 18 → worker-5@hydra-sat  cube=[73 -118 128 137 138 -140]  timeout=55s
[master] Worker worker-2@hydra-sat task 12: count=638342348650657  avg=28.5s  next_timeout=58s
[master] Worker [worker-2@hydra-sat] requested a task
[master] Task 19 → worker-2@hydra-sat  cube=[73 -118 128 137 -138 140]  timeout=58s
[master] Worker worker-6@hydra-sat task 15: count=1916048024192444  avg=28.8s  next_timeout=58s
[master] Worker [worker-6@hydra-sat] requested a task
[master] Task 20 → worker-6@hydra-sat  cube=[73 -118 128 137 -138 -140]  timeout=58s
[master] Worker worker-0@hydra-sat task 17: count=1658334151618723  avg=29.5s  next_timeout=59s
[master] Worker [worker-0@hydra-sat] requested a task
[master] Task 21 → worker-0@hydra-sat  cube=[73 -118 128 -137 138 140]  timeout=59s
[master] Worker worker-5@hydra-sat task 18: count=1328625299338578  avg=30.9s  next_timeout=62s
[master] Worker [worker-5@hydra-sat] requested a task
[master] Task 22 → worker-5@hydra-sat  cube=[73 -118 128 -137 138 -140]  timeout=62s
[master] Worker worker-0@hydra-sat task 21: count=715141692942189  avg=29.4s  next_timeout=59s
[master] Worker [worker-0@hydra-sat] requested a task
[master] Task 23 → worker-0@hydra-sat  cube=[73 -118 128 -137 -138 140]  timeout=59s
[master] Worker worker-2@hydra-sat TIMEOUT task 19: cube=[73 -118 128 137 -138 140] — splitting (JW)
[master] Worker [worker-2@hydra-sat] requested a task
[master] Task 24 → worker-2@hydra-sat  cube=[73 -118 128 -137 -138 -140]  timeout=59s
[master] Worker worker-5@hydra-sat task 22: count=331982455563246  avg=28.7s  next_timeout=58s
[master] Worker [worker-5@hydra-sat] requested a task
[master] Task 25 → worker-5@hydra-sat  cube=[73 -118 -128 137 138 140]  timeout=58s
[master] Worker worker-6@hydra-sat TIMEOUT task 20: cube=[73 -118 128 137 -138 -140] — splitting (JW)
[master] Worker [worker-6@hydra-sat] requested a task
[master] Task 26 → worker-6@hydra-sat  cube=[73 -118 -128 137 138 -140]  timeout=58s
[master] Worker worker-0@hydra-sat TIMEOUT task 23: cube=[73 -118 128 -137 -138 140] — splitting (JW)
[master] Worker [worker-0@hydra-sat] requested a task
[master] Task 27 → worker-0@hydra-sat  cube=[73 -118 -128 137 -138 140]  timeout=58s
[master] Worker worker-5@hydra-sat task 25: count=6098750411337508  avg=30.0s  next_timeout=61s
[master] Worker [worker-5@hydra-sat] requested a task
[master] Task 28 → worker-5@hydra-sat  cube=[73 -118 -128 137 -138 -140]  timeout=61s
[master] Worker worker-2@hydra-sat TIMEOUT task 24: cube=[73 -118 128 -137 -138 -140] — splitting (JW)
[master] Worker [worker-2@hydra-sat] requested a task
[master] Task 29 → worker-2@hydra-sat  cube=[73 -118 -128 -137 138 140]  timeout=61s
[master] Worker worker-6@hydra-sat TIMEOUT task 26: cube=[73 -118 -128 137 138 -140] — splitting (JW)
[master] Worker [worker-6@hydra-sat] requested a task
[master] Task 30 → worker-6@hydra-sat  cube=[73 -118 -128 -137 138 -140]  timeout=61s
[master] Worker worker-2@hydra-sat task 29: count=3849718121738530  avg=29.2s  next_timeout=59s
[master] Worker [worker-2@hydra-sat] requested a task
[master] Task 31 → worker-2@hydra-sat  cube=[73 -118 -128 -137 -138 140]  timeout=59s
[master] Worker worker-6@hydra-sat task 30: count=870775860316057  avg=28.4s  next_timeout=57s
[master] Worker [worker-6@hydra-sat] requested a task
[master] Task 32 → worker-6@hydra-sat  cube=[73 -118 -128 -137 -138 -140]  timeout=57s
[master] Worker worker-0@hydra-sat TIMEOUT task 27: cube=[73 -118 -128 137 -138 140] — splitting (JW)
[master] Worker [worker-0@hydra-sat] requested a task
[master] Task 33 → worker-0@hydra-sat  cube=[-73 118 128 137 138 140]  timeout=57s
[master] Worker worker-5@hydra-sat TIMEOUT task 28: cube=[73 -118 -128 137 -138 -140] — splitting (JW)
[master] Worker [worker-5@hydra-sat] requested a task
[master] Task 34 → worker-5@hydra-sat  cube=[-73 118 128 137 138 -140]  timeout=57s
[master] Worker worker-0@hydra-sat task 33: count=286207780284616  avg=28.2s  next_timeout=57s
[master] Worker [worker-0@hydra-sat] requested a task
[master] Task 35 → worker-0@hydra-sat  cube=[-73 118 128 137 -138 140]  timeout=57s
[master] Worker worker-6@hydra-sat task 32: count=5967495396273116  avg=29.1s  next_timeout=59s
[master] Worker [worker-6@hydra-sat] requested a task
[master] Task 36 → worker-6@hydra-sat  cube=[-73 118 128 137 -138 -140]  timeout=59s
[master] Worker worker-2@hydra-sat TIMEOUT task 31: cube=[73 -118 -128 -137 -138 140] — splitting (JW)
[master] Worker [worker-2@hydra-sat] requested a task
[master] Task 37 → worker-2@hydra-sat  cube=[-73 118 128 -137 138 140]  timeout=59s
[master] Worker worker-5@hydra-sat task 34: count=168079083809343  avg=29.1s  next_timeout=59s
[master] Worker [worker-5@hydra-sat] requested a task
[master] Task 38 → worker-5@hydra-sat  cube=[-73 118 128 -137 138 -140]  timeout=59s
[master] Worker worker-0@hydra-sat task 35: count=97221896296846  avg=28.6s  next_timeout=58s
[master] Worker [worker-0@hydra-sat] requested a task
[master] Task 39 → worker-0@hydra-sat  cube=[-73 118 128 -137 -138 140]  timeout=58s
[master] Worker worker-6@hydra-sat task 36: count=41002177257449  avg=27.9s  next_timeout=56s
[master] Worker [worker-6@hydra-sat] requested a task
[master] Task 40 → worker-6@hydra-sat  cube=[-73 118 128 -137 -138 -140]  timeout=56s
[master] Worker worker-2@hydra-sat task 37: count=131933371930137  avg=27.4s  next_timeout=55s
[master] Worker [worker-2@hydra-sat] requested a task
[master] Task 41 → worker-2@hydra-sat  cube=[-73 118 -128 137 138 140]  timeout=55s
[master] Worker worker-5@hydra-sat task 38: count=69937042159790  avg=26.8s  next_timeout=54s
[master] Worker [worker-5@hydra-sat] requested a task
[master] Task 42 → worker-5@hydra-sat  cube=[-73 118 -128 137 138 -140]  timeout=54s
[master] Worker worker-6@hydra-sat task 40: count=32703895411427  avg=26.1s  next_timeout=53s
[master] Worker [worker-6@hydra-sat] requested a task
[master] Task 43 → worker-6@hydra-sat  cube=[-73 118 -128 137 -138 140]  timeout=53s
[master] Worker worker-2@hydra-sat task 41: count=13862600353406  avg=25.5s  next_timeout=51s
[master] Worker [worker-2@hydra-sat] requested a task
[master] Task 44 → worker-2@hydra-sat  cube=[-73 118 -128 137 -138 -140]  timeout=51s
[master] Worker worker-0@hydra-sat task 39: count=57594812810264  avg=25.2s  next_timeout=51s
[master] Worker [worker-0@hydra-sat] requested a task
[master] Task 45 → worker-0@hydra-sat  cube=[-73 118 -128 -137 138 140]  timeout=51s
[master] Worker worker-5@hydra-sat task 42: count=44197885478830  avg=24.7s  next_timeout=50s
[master] Worker [worker-5@hydra-sat] requested a task
[master] Task 46 → worker-5@hydra-sat  cube=[-73 118 -128 -137 138 -140]  timeout=50s
[master] Worker worker-6@hydra-sat task 43: count=3992444531746  avg=24.2s  next_timeout=49s
[master] Worker [worker-6@hydra-sat] requested a task
[master] Task 47 → worker-6@hydra-sat  cube=[-73 118 -128 -137 -138 140]  timeout=49s
[master] Worker worker-2@hydra-sat task 44: count=4851775038941  avg=23.6s  next_timeout=48s
[master] Worker [worker-2@hydra-sat] requested a task
[master] Task 48 → worker-2@hydra-sat  cube=[-73 118 -128 -137 -138 -140]  timeout=48s
[master] Worker worker-0@hydra-sat task 45: count=6799040946910  avg=23.1s  next_timeout=47s
[master] Worker [worker-0@hydra-sat] requested a task
[master] Task 49 → worker-0@hydra-sat  cube=[-73 -118 128 137 138 140]  timeout=47s
[master] Worker worker-5@hydra-sat task 46: count=34613219073850  avg=22.7s  next_timeout=46s
[master] Worker [worker-5@hydra-sat] requested a task
[master] Task 50 → worker-5@hydra-sat  cube=[-73 -118 128 137 138 -140]  timeout=46s
[master] Worker worker-6@hydra-sat task 47: count=2743117157168  avg=22.2s  next_timeout=45s
[master] Worker [worker-6@hydra-sat] requested a task
[master] Task 51 → worker-6@hydra-sat  cube=[-73 -118 128 137 -138 140]  timeout=45s
[master] Worker worker-2@hydra-sat task 48: count=7355076419588  avg=21.8s  next_timeout=44s
[master] Worker [worker-2@hydra-sat] requested a task
[master] Task 52 → worker-2@hydra-sat  cube=[-73 -118 128 137 -138 -140]  timeout=44s
[master] Worker worker-0@hydra-sat task 49: count=82657782228082  avg=21.4s  next_timeout=43s
[master] Worker [worker-0@hydra-sat] requested a task
[master] Task 53 → worker-0@hydra-sat  cube=[-73 -118 128 -137 138 140]  timeout=43s
[master] Worker worker-6@hydra-sat task 51: count=68203056174552  avg=21.1s  next_timeout=43s
[master] Worker [worker-6@hydra-sat] requested a task
[master] Task 54 → worker-6@hydra-sat  cube=[-73 -118 128 -137 138 -140]  timeout=43s
[master] Worker worker-5@hydra-sat task 50: count=195947974320602  avg=20.9s  next_timeout=42s
[master] Worker [worker-5@hydra-sat] requested a task
[master] Task 55 → worker-5@hydra-sat  cube=[-73 -118 128 -137 -138 140]  timeout=42s
[master] Worker worker-0@hydra-sat task 53: count=77022015331192  avg=20.7s  next_timeout=42s
[master] Worker [worker-0@hydra-sat] requested a task
[master] Task 56 → worker-0@hydra-sat  cube=[-73 -118 128 -137 -138 -140]  timeout=42s
[master] Worker worker-2@hydra-sat task 52: count=99773911949560  avg=20.6s  next_timeout=42s
[master] Worker [worker-2@hydra-sat] requested a task
[master] Task 57 → worker-2@hydra-sat  cube=[-73 -118 -128 137 138 140]  timeout=42s
[master] Worker worker-2@hydra-sat task 57: count=1578168096074  avg=20.2s  next_timeout=41s
[master] Worker [worker-2@hydra-sat] requested a task
[master] Task 58 → worker-2@hydra-sat  cube=[-73 -118 -128 137 138 -140]  timeout=41s
[master] Worker worker-5@hydra-sat task 55: count=54044736662296  avg=20.0s  next_timeout=41s
[master] Worker [worker-5@hydra-sat] requested a task
[master] Task 59 → worker-5@hydra-sat  cube=[-73 -118 -128 137 -138 140]  timeout=41s
[master] Worker worker-6@hydra-sat task 54: count=196338832076383  avg=19.9s  next_timeout=40s
[master] Worker [worker-6@hydra-sat] requested a task
[master] Task 60 → worker-6@hydra-sat  cube=[-73 -118 -128 137 -138 -140]  timeout=40s
[master] Worker worker-5@hydra-sat task 59: count=5181569104744  avg=19.7s  next_timeout=40s
[master] Worker [worker-5@hydra-sat] requested a task
[master] Task 61 → worker-5@hydra-sat  cube=[-73 -118 -128 -137 138 140]  timeout=40s
[master] Worker worker-2@hydra-sat task 58: count=93225495206593  avg=19.4s  next_timeout=39s
[master] Worker [worker-2@hydra-sat] requested a task
[master] Task 62 → worker-2@hydra-sat  cube=[-73 -118 -128 -137 138 -140]  timeout=39s
[master] Worker worker-5@hydra-sat task 61: count=1550688191377  avg=19.1s  next_timeout=39s
[master] Worker [worker-5@hydra-sat] requested a task
[master] Task 63 → worker-5@hydra-sat  cube=[-73 -118 -128 -137 -138 140]  timeout=39s
[master] Worker worker-6@hydra-sat task 60: count=19808782458696  avg=18.9s  next_timeout=38s
[master] Worker [worker-6@hydra-sat] requested a task
[master] Task 64 → worker-6@hydra-sat  cube=[-73 -118 -128 -137 -138 -140]  timeout=38s
[master] Worker worker-5@hydra-sat task 63: count=3708049637285  avg=18.7s  next_timeout=38s
[master] Worker [worker-5@hydra-sat] requested a task
[master] Task 65 → worker-5@hydra-sat  cube=[73 118 128 137 138 -140 0]  timeout=38s
[master] Worker worker-5@hydra-sat task 65: count=0  avg=18.3s  next_timeout=37s
[master] Worker [worker-5@hydra-sat] requested a task
[master] Task 66 → worker-5@hydra-sat  cube=[73 118 128 137 138 -140 0]  timeout=37s
[master] Worker worker-5@hydra-sat task 66: count=0  avg=17.9s  next_timeout=36s
[master] Worker [worker-5@hydra-sat] requested a task
[master] Task 67 → worker-5@hydra-sat  cube=[73 118 128 137 -138 140 0]  timeout=36s
[master] Worker worker-5@hydra-sat task 67: count=0  avg=17.6s  next_timeout=36s
[master] Worker [worker-5@hydra-sat] requested a task
[master] Task 68 → worker-5@hydra-sat  cube=[73 118 128 137 -138 140 0]  timeout=36s
[master] Worker worker-5@hydra-sat task 68: count=0  avg=17.3s  next_timeout=35s
[master] Worker [worker-5@hydra-sat] requested a task
[master] Task 69 → worker-5@hydra-sat  cube=[73 118 128 137 138 140 0]  timeout=35s
[master] Worker worker-5@hydra-sat task 69: count=0  avg=16.9s  next_timeout=34s
[master] Worker [worker-5@hydra-sat] requested a task
[master] Task 70 → worker-5@hydra-sat  cube=[73 118 128 137 138 140 0]  timeout=34s
[master] Worker worker-5@hydra-sat task 70: count=0  avg=16.6s  next_timeout=34s
[master] Worker [worker-5@hydra-sat] requested a task
[master] Task 71 → worker-5@hydra-sat  cube=[73 118 -128 137 138 140 0]  timeout=34s
[master] Worker worker-5@hydra-sat task 71: count=0  avg=16.3s  next_timeout=33s
[master] Worker [worker-5@hydra-sat] requested a task
[master] Task 72 → worker-5@hydra-sat  cube=[73 118 -128 137 138 140 0]  timeout=33s
[master] Worker worker-5@hydra-sat task 72: count=0  avg=16.0s  next_timeout=33s
[master] Worker [worker-5@hydra-sat] requested a task
[master] Task 73 → worker-5@hydra-sat  cube=[73 118 -128 137 -138 140 0]  timeout=33s
[master] Worker worker-5@hydra-sat task 73: count=0  avg=15.7s  next_timeout=32s
[master] Worker [worker-5@hydra-sat] requested a task
[master] Task 74 → worker-5@hydra-sat  cube=[73 118 -128 137 -138 140 0]  timeout=32s
[master] Worker worker-5@hydra-sat task 74: count=0  avg=15.5s  next_timeout=31s
[master] Worker [worker-5@hydra-sat] requested a task
[master] Task 75 → worker-5@hydra-sat  cube=[73 -118 128 137 -138 140 0]  timeout=31s
[master] Worker worker-5@hydra-sat task 75: count=0  avg=15.2s  next_timeout=31s
[master] Worker [worker-5@hydra-sat] requested a task
[master] Task 76 → worker-5@hydra-sat  cube=[73 -118 128 137 -138 140 0]  timeout=31s
[master] Worker worker-5@hydra-sat task 76: count=0  avg=15.0s  next_timeout=30s
[master] Worker [worker-5@hydra-sat] requested a task
[master] Task 77 → worker-5@hydra-sat  cube=[73 -118 128 137 -138 -140 0]  timeout=30s
[master] Worker worker-5@hydra-sat task 77: count=0  avg=14.7s  next_timeout=30s
[master] Worker [worker-5@hydra-sat] requested a task
[master] Task 78 → worker-5@hydra-sat  cube=[73 -118 128 137 -138 -140 0]  timeout=30s
[master] Worker worker-5@hydra-sat task 78: count=0  avg=14.5s  next_timeout=29s
[master] Worker [worker-5@hydra-sat] requested a task
[master] Task 79 → worker-5@hydra-sat  cube=[73 -118 128 -137 -138 140 0]  timeout=29s
[master] Worker worker-5@hydra-sat task 79: count=0  avg=14.2s  next_timeout=29s
[master] Worker [worker-5@hydra-sat] requested a task
[master] Task 80 → worker-5@hydra-sat  cube=[73 -118 128 -137 -138 140 0]  timeout=29s
[master] Worker worker-5@hydra-sat task 80: count=0  avg=14.0s  next_timeout=29s
[master] Worker [worker-5@hydra-sat] requested a task
[master] Task 81 → worker-5@hydra-sat  cube=[73 -118 128 -137 -138 -140 0]  timeout=29s
[master] Worker worker-5@hydra-sat task 81: count=0  avg=13.8s  next_timeout=28s
[master] Worker [worker-5@hydra-sat] requested a task
[master] Task 82 → worker-5@hydra-sat  cube=[73 -118 128 -137 -138 -140 0]  timeout=28s
[master] Worker worker-5@hydra-sat task 82: count=0  avg=13.6s  next_timeout=28s
[master] Worker [worker-5@hydra-sat] requested a task
[master] Task 83 → worker-5@hydra-sat  cube=[73 -118 -128 137 138 -140 0]  timeout=28s
[master] Worker worker-5@hydra-sat task 83: count=0  avg=13.4s  next_timeout=27s
[master] Worker [worker-5@hydra-sat] requested a task
[master] Task 84 → worker-5@hydra-sat  cube=[73 -118 -128 137 138 -140 0]  timeout=27s
[master] Worker worker-5@hydra-sat task 84: count=0  avg=13.2s  next_timeout=27s
[master] Worker [worker-5@hydra-sat] requested a task
[master] Task 85 → worker-5@hydra-sat  cube=[73 -118 -128 137 -138 140 0]  timeout=27s
[master] Worker worker-5@hydra-sat task 85: count=0  avg=13.0s  next_timeout=27s
[master] Worker [worker-5@hydra-sat] requested a task
[master] Task 86 → worker-5@hydra-sat  cube=[73 -118 -128 137 -138 140 0]  timeout=27s
[master] Worker worker-5@hydra-sat task 86: count=0  avg=12.8s  next_timeout=26s
[master] Worker [worker-5@hydra-sat] requested a task
[master] Task 87 → worker-5@hydra-sat  cube=[73 -118 -128 137 -138 -140 0]  timeout=26s
[master] Worker worker-5@hydra-sat task 87: count=0  avg=12.6s  next_timeout=26s
[master] Worker [worker-5@hydra-sat] requested a task
[master] Task 88 → worker-5@hydra-sat  cube=[73 -118 -128 137 -138 -140 0]  timeout=26s
[master] Worker worker-5@hydra-sat task 88: count=0  avg=12.5s  next_timeout=25s
[master] Worker [worker-5@hydra-sat] requested a task
[master] Task 89 → worker-5@hydra-sat  cube=[73 -118 -128 -137 -138 140 0]  timeout=25s
[master] Worker worker-5@hydra-sat task 89: count=0  avg=12.3s  next_timeout=25s
[master] Worker worker-0@hydra-sat TIMEOUT task 56: cube=[-73 -118 128 -137 -138 -140] — splitting (JW)
[master] Worker [worker-5@hydra-sat] requested a task
[master] Task 90 → worker-5@hydra-sat  cube=[73 -118 -128 -137 -138 140 0]  timeout=25s
[master] Worker [worker-0@hydra-sat] requested a task
[master] Task 91 → worker-0@hydra-sat  cube=[-73 -118 128 -137 -138 -140 0]  timeout=25s
[master] Worker worker-5@hydra-sat task 90: count=0  avg=12.1s  next_timeout=25s
[master] Worker [worker-5@hydra-sat] requested a task
[master] Task 92 → worker-5@hydra-sat  cube=[-73 -118 128 -137 -138 -140 0]  timeout=25s
[master] Worker worker-0@hydra-sat task 91: count=0  avg=12.0s  next_timeout=24s
[master] Worker worker-5@hydra-sat task 92: count=0  avg=11.8s  next_timeout=24s
[master] Worker [worker-0@hydra-sat] requested a task
[master] Worker [worker-5@hydra-sat] requested a task
[master] Worker worker-2@hydra-sat task 62: count=139340987550596  avg=11.8s  next_timeout=24s
[master] Worker [worker-2@hydra-sat] requested a task
[master] Worker [worker-3@hydra-sat] requested a task
[master] Worker [worker-4@hydra-sat] requested a task
[master] Worker [worker-1@hydra-sat] requested a task
[master] Worker [worker-7@hydra-sat] requested a task
[master] Worker worker-6@hydra-sat task 64: count=29347440106609  avg=11.7s  next_timeout=24s
[master] cnf_instances/rand3sat_140v_420c.cnf done in 466.8s — holding 3s for TUI…
[logger] failed to open log: open results/benchmark.csv: permission denied
[master] Worker [worker-6@hydra-sat] requested a task
=======================================
SOLVING COMPLETE
  File:        cnf_instances/rand3sat_140v_420c.cnf
  Model Count: 29397499369993983
=======================================

[4/22] Loading CNF: cnf_instances/rand3sat_140v_588c.cnf
  140 vars, 588 clauses
[master] Solving cnf_instances/rand3sat_140v_588c.cnf  (64 initial cubes)
[master] Worker [worker-0@hydra-sat] requested a task
[master] Task 1 → worker-0@hydra-sat  cube=[73 115 118 137 138 140]  timeout=2147483647s
[master] Worker [worker-5@hydra-sat] requested a task
[master] Task 2 → worker-5@hydra-sat  cube=[73 115 118 137 138 -140]  timeout=2147483647s
[master] Worker worker-5@hydra-sat task 2: count=0  avg=0.0s  next_timeout=1s
[master] Worker worker-0@hydra-sat task 1: count=0  avg=0.0s  next_timeout=1s
[master] Worker [worker-5@hydra-sat] requested a task
[master] Task 3 → worker-5@hydra-sat  cube=[73 115 118 137 -138 140]  timeout=1s
[master] Worker [worker-0@hydra-sat] requested a task
[master] Task 4 → worker-0@hydra-sat  cube=[73 115 118 137 -138 -140]  timeout=1s
[master] Worker worker-5@hydra-sat task 3: count=0  avg=0.0s  next_timeout=1s
[master] Worker [worker-5@hydra-sat] requested a task
[master] Task 5 → worker-5@hydra-sat  cube=[73 115 118 -137 138 140]  timeout=1s
[master] Worker worker-0@hydra-sat task 4: count=0  avg=0.0s  next_timeout=1s
[master] Worker [worker-0@hydra-sat] requested a task
[master] Task 6 → worker-0@hydra-sat  cube=[73 115 118 -137 138 -140]  timeout=1s
[master] Worker worker-5@hydra-sat task 5: count=0  avg=0.0s  next_timeout=1s
[master] Worker [worker-5@hydra-sat] requested a task
[master] Task 7 → worker-5@hydra-sat  cube=[73 115 118 -137 -138 140]  timeout=1s
[master] Worker worker-0@hydra-sat task 6: count=0  avg=0.0s  next_timeout=1s
[master] Worker [worker-2@hydra-sat] requested a task
[master] Task 8 → worker-2@hydra-sat  cube=[73 115 118 -137 -138 -140]  timeout=1s
[master] Worker [worker-0@hydra-sat] requested a task
[master] Task 9 → worker-0@hydra-sat  cube=[73 115 -118 137 138 140]  timeout=1s
[master] Worker worker-0@hydra-sat task 9: count=0  avg=0.0s  next_timeout=1s
[master] Worker [worker-0@hydra-sat] requested a task
[master] Task 10 → worker-0@hydra-sat  cube=[73 115 -118 137 138 -140]  timeout=1s
[master] Worker worker-5@hydra-sat task 7: count=0  avg=0.0s  next_timeout=1s
[master] Worker [worker-5@hydra-sat] requested a task
[master] Task 11 → worker-5@hydra-sat  cube=[73 115 -118 137 -138 140]  timeout=1s
[master] Worker worker-2@hydra-sat task 8: count=0  avg=0.0s  next_timeout=1s
[master] Worker [worker-2@hydra-sat] requested a task
[master] Task 12 → worker-2@hydra-sat  cube=[73 115 -118 137 -138 -140]  timeout=1s
[master] Worker worker-5@hydra-sat task 11: count=0  avg=0.0s  next_timeout=1s
[master] Worker [worker-5@hydra-sat] requested a task
[master] Task 13 → worker-5@hydra-sat  cube=[73 115 -118 -137 138 140]  timeout=1s
[master] Worker worker-0@hydra-sat task 10: count=0  avg=0.0s  next_timeout=1s
[master] Worker [worker-0@hydra-sat] requested a task
[master] Task 14 → worker-0@hydra-sat  cube=[73 115 -118 -137 138 -140]  timeout=1s
[master] Worker worker-2@hydra-sat task 12: count=0  avg=0.0s  next_timeout=1s
[master] Worker [worker-2@hydra-sat] requested a task
[master] Task 15 → worker-2@hydra-sat  cube=[73 115 -118 -137 -138 140]  timeout=1s
[master] Worker worker-5@hydra-sat task 13: count=0  avg=0.0s  next_timeout=1s
[master] Worker [worker-5@hydra-sat] requested a task
[master] Task 16 → worker-5@hydra-sat  cube=[73 115 -118 -137 -138 -140]  timeout=1s
[master] Worker worker-0@hydra-sat task 14: count=0  avg=0.0s  next_timeout=1s
[master] Worker [worker-0@hydra-sat] requested a task
[master] Task 17 → worker-0@hydra-sat  cube=[73 -115 118 137 138 140]  timeout=1s
[master] Worker worker-2@hydra-sat task 15: count=0  avg=0.0s  next_timeout=1s
[master] Worker [worker-2@hydra-sat] requested a task
[master] Task 18 → worker-2@hydra-sat  cube=[73 -115 118 137 138 -140]  timeout=1s
[master] Worker worker-5@hydra-sat task 16: count=0  avg=0.0s  next_timeout=1s
[master] Worker [worker-5@hydra-sat] requested a task
[master] Task 19 → worker-5@hydra-sat  cube=[73 -115 118 137 -138 140]  timeout=1s
[master] Worker [worker-3@hydra-sat] requested a task
[master] Task 20 → worker-3@hydra-sat  cube=[73 -115 118 137 -138 -140]  timeout=1s
[master] Worker worker-2@hydra-sat TIMEOUT task 18: cube=[73 -115 118 137 138 -140] — splitting (JW)
[master] Worker worker-0@hydra-sat TIMEOUT task 17: cube=[73 -115 118 137 138 140] — splitting (JW)
[master] Worker worker-5@hydra-sat TIMEOUT task 19: cube=[73 -115 118 137 -138 140] — splitting (JW)
[master] Worker [worker-2@hydra-sat] requested a task
[master] Task 21 → worker-2@hydra-sat  cube=[73 -115 118 -137 138 140]  timeout=1s
[master] Worker [worker-5@hydra-sat] requested a task
[master] Task 22 → worker-5@hydra-sat  cube=[73 -115 118 -137 138 -140]  timeout=1s
[master] Worker [worker-0@hydra-sat] requested a task
[master] Task 23 → worker-0@hydra-sat  cube=[73 -115 118 -137 -138 140]  timeout=1s
[master] Worker worker-3@hydra-sat TIMEOUT task 20: cube=[73 -115 118 137 -138 -140] — splitting (JW)
[master] Worker [worker-3@hydra-sat] requested a task
[master] Task 24 → worker-3@hydra-sat  cube=[73 -115 118 -137 -138 -140]  timeout=1s
[master] Worker worker-2@hydra-sat TIMEOUT task 21: cube=[73 -115 118 -137 138 140] — splitting (JW)
[master] Worker worker-5@hydra-sat TIMEOUT task 22: cube=[73 -115 118 -137 138 -140] — splitting (JW)
[master] Worker [worker-2@hydra-sat] requested a task
[master] Task 25 → worker-2@hydra-sat  cube=[73 -115 -118 137 138 140]  timeout=1s
[master] Worker worker-0@hydra-sat TIMEOUT task 23: cube=[73 -115 118 -137 -138 140] — splitting (JW)
[master] Worker [worker-5@hydra-sat] requested a task
[master] Task 26 → worker-5@hydra-sat  cube=[73 -115 -118 137 138 -140]  timeout=1s
[master] Worker worker-2@hydra-sat task 25: count=0  avg=0.0s  next_timeout=1s
[master] Worker [worker-2@hydra-sat] requested a task
[master] Task 27 → worker-2@hydra-sat  cube=[73 -115 -118 137 -138 140]  timeout=1s
[master] Worker [worker-0@hydra-sat] requested a task
[master] Task 28 → worker-0@hydra-sat  cube=[73 -115 -118 137 -138 -140]  timeout=1s
[master] Worker worker-2@hydra-sat task 27: count=0  avg=0.0s  next_timeout=1s
[master] Worker [worker-2@hydra-sat] requested a task
[master] Task 29 → worker-2@hydra-sat  cube=[73 -115 -118 -137 138 140]  timeout=1s
[master] Worker worker-2@hydra-sat task 29: count=0  avg=0.0s  next_timeout=1s
[master] Worker [worker-2@hydra-sat] requested a task
[master] Task 30 → worker-2@hydra-sat  cube=[73 -115 -118 -137 138 -140]  timeout=1s
[master] Worker worker-3@hydra-sat TIMEOUT task 24: cube=[73 -115 118 -137 -138 -140] — splitting (JW)
[master] Worker [worker-3@hydra-sat] requested a task
[master] Task 31 → worker-3@hydra-sat  cube=[73 -115 -118 -137 -138 140]  timeout=1s
[master] Worker worker-3@hydra-sat task 31: count=0  avg=0.0s  next_timeout=1s
[master] Worker [worker-3@hydra-sat] requested a task
[master] Task 32 → worker-3@hydra-sat  cube=[73 -115 -118 -137 -138 -140]  timeout=1s
[master] Worker worker-0@hydra-sat TIMEOUT task 28: cube=[73 -115 -118 137 -138 -140] — splitting (JW)
[master] Worker worker-5@hydra-sat TIMEOUT task 26: cube=[73 -115 -118 137 138 -140] — splitting (JW)
[master] Worker [worker-0@hydra-sat] requested a task
[master] Task 33 → worker-0@hydra-sat  cube=[-73 115 118 137 138 140]  timeout=1s
[master] Worker [worker-5@hydra-sat] requested a task
[master] Task 34 → worker-5@hydra-sat  cube=[-73 115 118 137 138 -140]  timeout=1s
[master] Worker worker-0@hydra-sat task 33: count=0  avg=0.0s  next_timeout=1s
[master] Worker [worker-0@hydra-sat] requested a task
[master] Task 35 → worker-0@hydra-sat  cube=[-73 115 118 137 -138 140]  timeout=1s
[master] Worker worker-5@hydra-sat task 34: count=0  avg=0.0s  next_timeout=1s
[master] Worker [worker-5@hydra-sat] requested a task
[master] Task 36 → worker-5@hydra-sat  cube=[-73 115 118 137 -138 -140]  timeout=1s
[master] Worker worker-2@hydra-sat TIMEOUT task 30: cube=[73 -115 -118 -137 138 -140] — splitting (JW)
[master] Worker [worker-2@hydra-sat] requested a task
[master] Task 37 → worker-2@hydra-sat  cube=[-73 115 118 -137 138 140]  timeout=1s
[master] Worker worker-5@hydra-sat task 36: count=0  avg=0.0s  next_timeout=1s
[master] Worker [worker-5@hydra-sat] requested a task
[master] Task 38 → worker-5@hydra-sat  cube=[-73 115 118 -137 138 -140]  timeout=1s
[master] Worker worker-2@hydra-sat task 37: count=0  avg=0.0s  next_timeout=1s
[master] Worker [worker-2@hydra-sat] requested a task
[master] Task 39 → worker-2@hydra-sat  cube=[-73 115 118 -137 -138 140]  timeout=1s
[master] Worker worker-0@hydra-sat task 35: count=0  avg=0.0s  next_timeout=1s
[master] Worker [worker-0@hydra-sat] requested a task
[master] Task 40 → worker-0@hydra-sat  cube=[-73 115 118 -137 -138 -140]  timeout=1s
[master] Worker worker-5@hydra-sat task 38: count=0  avg=0.0s  next_timeout=1s
[master] Worker [worker-5@hydra-sat] requested a task
[master] Task 41 → worker-5@hydra-sat  cube=[-73 115 -118 137 138 140]  timeout=1s
[master] Worker worker-2@hydra-sat task 39: count=0  avg=0.0s  next_timeout=1s
[master] Worker [worker-2@hydra-sat] requested a task
[master] Task 42 → worker-2@hydra-sat  cube=[-73 115 -118 137 138 -140]  timeout=1s
[master] Worker worker-5@hydra-sat task 41: count=0  avg=0.0s  next_timeout=1s
[master] Worker worker-0@hydra-sat task 40: count=0  avg=0.0s  next_timeout=1s
[master] Worker [worker-5@hydra-sat] requested a task
[master] Task 43 → worker-5@hydra-sat  cube=[-73 115 -118 137 -138 140]  timeout=1s
[master] Worker [worker-0@hydra-sat] requested a task
[master] Task 44 → worker-0@hydra-sat  cube=[-73 115 -118 137 -138 -140]  timeout=1s
[master] Worker worker-2@hydra-sat task 42: count=0  avg=0.0s  next_timeout=1s
[master] Worker [worker-2@hydra-sat] requested a task
[master] Task 45 → worker-2@hydra-sat  cube=[-73 115 -118 -137 138 140]  timeout=1s
[master] Worker worker-5@hydra-sat task 43: count=0  avg=0.0s  next_timeout=1s
[master] Worker [worker-5@hydra-sat] requested a task
[master] Task 46 → worker-5@hydra-sat  cube=[-73 115 -118 -137 138 -140]  timeout=1s
[master] Worker worker-0@hydra-sat task 44: count=0  avg=0.0s  next_timeout=1s
[master] Worker [worker-0@hydra-sat] requested a task
[master] Task 47 → worker-0@hydra-sat  cube=[-73 115 -118 -137 -138 140]  timeout=1s
[master] Worker worker-2@hydra-sat task 45: count=0  avg=0.0s  next_timeout=1s
[master] Worker [worker-2@hydra-sat] requested a task
[master] Task 48 → worker-2@hydra-sat  cube=[-73 115 -118 -137 -138 -140]  timeout=1s
[master] Worker worker-5@hydra-sat task 46: count=0  avg=0.0s  next_timeout=1s
[master] Worker [worker-5@hydra-sat] requested a task
[master] Task 49 → worker-5@hydra-sat  cube=[-73 -115 118 137 138 140]  timeout=1s
[master] Worker worker-0@hydra-sat task 47: count=0  avg=0.0s  next_timeout=1s
[master] Worker [worker-0@hydra-sat] requested a task
[master] Task 50 → worker-0@hydra-sat  cube=[-73 -115 118 137 138 -140]  timeout=1s
[master] Worker worker-2@hydra-sat task 48: count=0  avg=0.0s  next_timeout=1s
[master] Worker [worker-2@hydra-sat] requested a task
[master] Task 51 → worker-2@hydra-sat  cube=[-73 -115 118 137 -138 140]  timeout=1s
[master] Worker worker-5@hydra-sat task 49: count=0  avg=0.0s  next_timeout=1s
[master] Worker [worker-5@hydra-sat] requested a task
[master] Task 52 → worker-5@hydra-sat  cube=[-73 -115 118 137 -138 -140]  timeout=1s
[master] Worker worker-0@hydra-sat task 50: count=0  avg=0.0s  next_timeout=1s
[master] Worker [worker-0@hydra-sat] requested a task
[master] Task 53 → worker-0@hydra-sat  cube=[-73 -115 118 -137 138 140]  timeout=1s
[master] Worker worker-5@hydra-sat task 52: count=0  avg=0.0s  next_timeout=1s
[master] Worker [worker-5@hydra-sat] requested a task
[master] Task 54 → worker-5@hydra-sat  cube=[-73 -115 118 -137 138 -140]  timeout=1s
[master] Worker worker-0@hydra-sat task 53: count=0  avg=0.0s  next_timeout=1s
[master] Worker [worker-0@hydra-sat] requested a task
[master] Task 55 → worker-0@hydra-sat  cube=[-73 -115 118 -137 -138 140]  timeout=1s
[master] Worker worker-5@hydra-sat task 54: count=0  avg=0.0s  next_timeout=1s
[master] Worker [worker-5@hydra-sat] requested a task
[master] Task 56 → worker-5@hydra-sat  cube=[-73 -115 118 -137 -138 -140]  timeout=1s
[master] Worker worker-0@hydra-sat task 55: count=0  avg=0.0s  next_timeout=1s
[master] Worker [worker-0@hydra-sat] requested a task
[master] Task 57 → worker-0@hydra-sat  cube=[-73 -115 -118 137 138 140]  timeout=1s
[master] Worker worker-0@hydra-sat task 57: count=0  avg=0.0s  next_timeout=1s
[master] Worker worker-5@hydra-sat task 56: count=0  avg=0.0s  next_timeout=1s
[master] Worker [worker-0@hydra-sat] requested a task
[master] Task 58 → worker-0@hydra-sat  cube=[-73 -115 -118 137 138 -140]  timeout=1s
[master] Worker [worker-5@hydra-sat] requested a task
[master] Task 59 → worker-5@hydra-sat  cube=[-73 -115 -118 137 -138 140]  timeout=1s
[master] Worker worker-5@hydra-sat task 59: count=0  avg=0.0s  next_timeout=1s
[master] Worker [worker-5@hydra-sat] requested a task
[master] Task 60 → worker-5@hydra-sat  cube=[-73 -115 -118 137 -138 -140]  timeout=1s
[master] Worker worker-0@hydra-sat task 58: count=0  avg=0.0s  next_timeout=1s
[master] Worker [worker-0@hydra-sat] requested a task
[master] Task 61 → worker-0@hydra-sat  cube=[-73 -115 -118 -137 138 140]  timeout=1s
[master] Worker worker-0@hydra-sat task 61: count=0  avg=0.0s  next_timeout=1s
[master] Worker [worker-0@hydra-sat] requested a task
[master] Task 62 → worker-0@hydra-sat  cube=[-73 -115 -118 -137 138 -140]  timeout=1s
[master] Worker worker-5@hydra-sat task 60: count=0  avg=0.0s  next_timeout=1s
[master] Worker [worker-5@hydra-sat] requested a task
[master] Task 63 → worker-5@hydra-sat  cube=[-73 -115 -118 -137 -138 140]  timeout=1s
[master] Worker worker-0@hydra-sat task 62: count=0  avg=0.0s  next_timeout=1s
[master] Worker [worker-0@hydra-sat] requested a task
[master] Task 64 → worker-0@hydra-sat  cube=[-73 -115 -118 -137 -138 -140]  timeout=1s
[master] Worker worker-5@hydra-sat task 63: count=0  avg=0.0s  next_timeout=1s
[master] Worker [worker-5@hydra-sat] requested a task
[master] Task 65 → worker-5@hydra-sat  cube=[73 -115 118 137 138 -140 0]  timeout=1s
[master] Worker worker-5@hydra-sat task 65: count=0  avg=0.0s  next_timeout=1s
[master] Worker [worker-5@hydra-sat] requested a task
[master] Task 66 → worker-5@hydra-sat  cube=[73 -115 118 137 138 -140 0]  timeout=1s
[master] Worker worker-5@hydra-sat task 66: count=0  avg=0.0s  next_timeout=1s
[master] Worker [worker-5@hydra-sat] requested a task
[master] Task 67 → worker-5@hydra-sat  cube=[73 -115 118 137 -138 140 0]  timeout=1s
[master] Worker worker-0@hydra-sat task 64: count=0  avg=0.0s  next_timeout=1s
[master] Worker [worker-0@hydra-sat] requested a task
[master] Task 68 → worker-0@hydra-sat  cube=[73 -115 118 137 -138 140 0]  timeout=1s
[master] Worker worker-5@hydra-sat task 67: count=0  avg=0.0s  next_timeout=1s
[master] Worker [worker-5@hydra-sat] requested a task
[master] Task 69 → worker-5@hydra-sat  cube=[73 -115 118 137 138 140 0]  timeout=1s
[master] Worker worker-0@hydra-sat task 68: count=0  avg=0.0s  next_timeout=1s
[master] Worker [worker-0@hydra-sat] requested a task
[master] Task 70 → worker-0@hydra-sat  cube=[73 -115 118 137 138 140 0]  timeout=1s
[master] Worker worker-5@hydra-sat task 69: count=0  avg=0.0s  next_timeout=1s
[master] Worker [worker-5@hydra-sat] requested a task
[master] Task 71 → worker-5@hydra-sat  cube=[73 -115 118 137 -138 -140 0]  timeout=1s
[master] Worker worker-0@hydra-sat task 70: count=0  avg=0.0s  next_timeout=1s
[master] Worker [worker-0@hydra-sat] requested a task
[master] Task 72 → worker-0@hydra-sat  cube=[73 -115 118 137 -138 -140 0]  timeout=1s
[master] Worker worker-5@hydra-sat task 71: count=0  avg=0.0s  next_timeout=1s
[master] Worker [worker-5@hydra-sat] requested a task
[master] Task 73 → worker-5@hydra-sat  cube=[73 -115 118 -137 138 140 0]  timeout=1s
[master] Worker worker-0@hydra-sat task 72: count=0  avg=0.0s  next_timeout=1s
[master] Worker [worker-0@hydra-sat] requested a task
[master] Task 74 → worker-0@hydra-sat  cube=[73 -115 118 -137 138 140 0]  timeout=1s
[master] Worker worker-5@hydra-sat task 73: count=0  avg=0.0s  next_timeout=1s
[master] Worker [worker-5@hydra-sat] requested a task
[master] Task 75 → worker-5@hydra-sat  cube=[73 -115 118 -137 138 -140 0]  timeout=1s
[master] Worker worker-0@hydra-sat task 74: count=0  avg=0.0s  next_timeout=1s
[master] Worker [worker-0@hydra-sat] requested a task
[master] Task 76 → worker-0@hydra-sat  cube=[73 -115 118 -137 138 -140 0]  timeout=1s
[master] Worker worker-5@hydra-sat task 75: count=0  avg=0.0s  next_timeout=1s
[master] Worker [worker-5@hydra-sat] requested a task
[master] Task 77 → worker-5@hydra-sat  cube=[73 -115 118 -137 -138 140 0]  timeout=1s
[master] Worker worker-0@hydra-sat task 76: count=0  avg=0.0s  next_timeout=1s
[master] Worker [worker-0@hydra-sat] requested a task
[master] Task 78 → worker-0@hydra-sat  cube=[73 -115 118 -137 -138 140 0]  timeout=1s
[master] Worker worker-5@hydra-sat task 77: count=0  avg=0.0s  next_timeout=1s
[master] Worker [worker-5@hydra-sat] requested a task
[master] Task 79 → worker-5@hydra-sat  cube=[73 -115 118 -137 -138 -140 0]  timeout=1s
[master] Worker worker-0@hydra-sat task 78: count=0  avg=0.0s  next_timeout=1s
[master] Worker worker-5@hydra-sat task 79: count=0  avg=0.0s  next_timeout=1s
[master] Worker [worker-0@hydra-sat] requested a task
[master] Task 80 → worker-0@hydra-sat  cube=[73 -115 118 -137 -138 -140 0]  timeout=1s
[master] Worker [worker-5@hydra-sat] requested a task
[master] Task 81 → worker-5@hydra-sat  cube=[73 -115 -118 137 -138 -140 0]  timeout=1s
[master] Worker worker-0@hydra-sat task 80: count=0  avg=0.0s  next_timeout=1s
[master] Worker [worker-0@hydra-sat] requested a task
[master] Task 82 → worker-0@hydra-sat  cube=[73 -115 -118 137 -138 -140 0]  timeout=1s
[master] Worker worker-5@hydra-sat task 81: count=0  avg=0.0s  next_timeout=1s
[master] Worker worker-0@hydra-sat task 82: count=0  avg=0.0s  next_timeout=1s
[master] Worker [worker-0@hydra-sat] requested a task
[master] Task 83 → worker-0@hydra-sat  cube=[73 -115 -118 137 138 -140 0]  timeout=1s
[master] Worker [worker-5@hydra-sat] requested a task
[master] Task 84 → worker-5@hydra-sat  cube=[73 -115 -118 137 138 -140 0]  timeout=1s
[master] Worker worker-0@hydra-sat task 83: count=0  avg=0.0s  next_timeout=1s
[master] Worker [worker-0@hydra-sat] requested a task
[master] Task 85 → worker-0@hydra-sat  cube=[73 -115 -118 -137 138 -140 0]  timeout=1s
[master] Worker worker-5@hydra-sat task 84: count=0  avg=0.0s  next_timeout=1s
[master] Worker [worker-5@hydra-sat] requested a task
[master] Task 86 → worker-5@hydra-sat  cube=[73 -115 -118 -137 138 -140 0]  timeout=1s
[master] Worker worker-0@hydra-sat task 85: count=0  avg=0.0s  next_timeout=1s
[master] Worker [worker-0@hydra-sat] requested a task
[master] Worker worker-5@hydra-sat task 86: count=0  avg=0.0s  next_timeout=1s
[master] Worker [worker-5@hydra-sat] requested a task
[master] Worker worker-3@hydra-sat TIMEOUT task 32: cube=[73 -115 -118 -137 -138 -140] — splitting (JW)
[master] Task 87 → worker-0@hydra-sat  cube=[73 -115 -118 -137 -138 -140 0]  timeout=1s
[master] Task 88 → worker-5@hydra-sat  cube=[73 -115 -118 -137 -138 -140 0]  timeout=1s
[master] Worker [worker-3@hydra-sat] requested a task
[master] Worker worker-0@hydra-sat task 87: count=0  avg=0.0s  next_timeout=1s
[master] Worker worker-5@hydra-sat task 88: count=0  avg=0.0s  next_timeout=1s
[master] Worker [worker-0@hydra-sat] requested a task
[master] Worker [worker-5@hydra-sat] requested a task
[master] Worker [worker-7@hydra-sat] requested a task
[master] Worker worker-2@hydra-sat TIMEOUT task 51: cube=[-73 -115 118 137 -138 140] — splitting (JW)
[master] Task 89 → worker-3@hydra-sat  cube=[-73 -115 118 137 -138 140 0]  timeout=1s
[master] Task 90 → worker-0@hydra-sat  cube=[-73 -115 118 137 -138 140 0]  timeout=1s
[master] Worker [worker-2@hydra-sat] requested a task
[master] Worker worker-0@hydra-sat task 90: count=0  avg=0.0s  next_timeout=1s
[master] Worker worker-3@hydra-sat task 89: count=0  avg=0.0s  next_timeout=1s
[master] cnf_instances/rand3sat_140v_588c.cnf done in 5.3s — holding 3s for TUI…
[logger] failed to open log: open results/benchmark.csv: permission denied
[master] Worker [worker-0@hydra-sat] requested a task
[master] Worker [worker-3@hydra-sat] requested a task
[master] Worker [worker-6@hydra-sat] requested a task
[master] Worker [worker-4@hydra-sat] requested a task
[master] Worker [worker-1@hydra-sat] requested a task
=======================================
SOLVING COMPLETE
  File:        cnf_instances/rand3sat_140v_588c.cnf
  Model Count: 0
=======================================

[5/22] Loading CNF: cnf_instances/rand3sat_150v_450c.cnf
  150 vars, 450 clauses
[master] Solving cnf_instances/rand3sat_150v_450c.cnf  (64 initial cubes)
[master] Worker [worker-5@hydra-sat] requested a task
[master] Task 1 → worker-5@hydra-sat  cube=[55 119 149 150 0 0]  timeout=2147483647s
[master] Worker worker-5@hydra-sat task 1: count=0  avg=0.0s  next_timeout=1s
[master] Worker [worker-5@hydra-sat] requested a task
[master] Task 2 → worker-5@hydra-sat  cube=[55 119 149 150 0 0]  timeout=1s
[master] Worker worker-5@hydra-sat task 2: count=0  avg=0.0s  next_timeout=1s
[master] Worker [worker-5@hydra-sat] requested a task
[master] Task 3 → worker-5@hydra-sat  cube=[55 119 149 150 0 0]  timeout=1s
[master] Worker worker-5@hydra-sat task 3: count=0  avg=0.0s  next_timeout=1s
[master] Worker [worker-5@hydra-sat] requested a task
[master] Task 4 → worker-5@hydra-sat  cube=[55 119 149 150 0 0]  timeout=1s
[master] Worker worker-5@hydra-sat task 4: count=0  avg=0.0s  next_timeout=1s
[master] Worker [worker-5@hydra-sat] requested a task
[master] Task 5 → worker-5@hydra-sat  cube=[55 119 149 -150 0 0]  timeout=1s
[master] Worker worker-5@hydra-sat task 5: count=0  avg=0.0s  next_timeout=1s
[master] Worker [worker-5@hydra-sat] requested a task
[master] Task 6 → worker-5@hydra-sat  cube=[55 119 149 -150 0 0]  timeout=1s
[master] Worker worker-5@hydra-sat task 6: count=0  avg=0.0s  next_timeout=1s
[master] Worker [worker-5@hydra-sat] requested a task
[master] Task 7 → worker-5@hydra-sat  cube=[55 119 149 -150 0 0]  timeout=1s
[master] Worker worker-5@hydra-sat task 7: count=0  avg=0.0s  next_timeout=1s
[master] Worker [worker-5@hydra-sat] requested a task
[master] Task 8 → worker-5@hydra-sat  cube=[55 119 149 -150 0 0]  timeout=1s
[master] Worker worker-5@hydra-sat task 8: count=0  avg=0.0s  next_timeout=1s
[master] Worker [worker-5@hydra-sat] requested a task
[master] Task 9 → worker-5@hydra-sat  cube=[55 119 -149 150 0 0]  timeout=1s
[master] Worker worker-5@hydra-sat task 9: count=0  avg=0.0s  next_timeout=1s
[master] Worker [worker-5@hydra-sat] requested a task
[master] Task 10 → worker-5@hydra-sat  cube=[55 119 -149 150 0 0]  timeout=1s
[master] Worker worker-5@hydra-sat task 10: count=0  avg=0.0s  next_timeout=1s
[master] Worker [worker-5@hydra-sat] requested a task
[master] Task 11 → worker-5@hydra-sat  cube=[55 119 -149 150 0 0]  timeout=1s
[master] Worker worker-5@hydra-sat task 11: count=0  avg=0.0s  next_timeout=1s
[master] Worker [worker-5@hydra-sat] requested a task
[master] Task 12 → worker-5@hydra-sat  cube=[55 119 -149 150 0 0]  timeout=1s
[master] Worker worker-5@hydra-sat task 12: count=0  avg=0.0s  next_timeout=1s
[master] Worker [worker-5@hydra-sat] requested a task
[master] Task 13 → worker-5@hydra-sat  cube=[55 119 -149 -150 0 0]  timeout=1s
[master] Worker worker-5@hydra-sat task 13: count=0  avg=0.0s  next_timeout=1s
[master] Worker [worker-5@hydra-sat] requested a task
[master] Task 14 → worker-5@hydra-sat  cube=[55 119 -149 -150 0 0]  timeout=1s
[master] Worker worker-5@hydra-sat task 14: count=0  avg=0.0s  next_timeout=1s
[master] Worker [worker-5@hydra-sat] requested a task
[master] Task 15 → worker-5@hydra-sat  cube=[55 119 -149 -150 0 0]  timeout=1s
[master] Worker worker-5@hydra-sat task 15: count=0  avg=0.0s  next_timeout=1s
[master] Worker [worker-5@hydra-sat] requested a task
[master] Task 16 → worker-5@hydra-sat  cube=[55 119 -149 -150 0 0]  timeout=1s
[master] Worker worker-5@hydra-sat task 16: count=0  avg=0.0s  next_timeout=1s
[master] Worker [worker-5@hydra-sat] requested a task
[master] Task 17 → worker-5@hydra-sat  cube=[55 -119 149 150 0 0]  timeout=1s
[master] Worker worker-5@hydra-sat task 17: count=0  avg=0.0s  next_timeout=1s
[master] Worker [worker-5@hydra-sat] requested a task
[master] Task 18 → worker-5@hydra-sat  cube=[55 -119 149 150 0 0]  timeout=1s
[master] Worker worker-5@hydra-sat task 18: count=0  avg=0.0s  next_timeout=1s
[master] Worker [worker-5@hydra-sat] requested a task
[master] Task 19 → worker-5@hydra-sat  cube=[55 -119 149 150 0 0]  timeout=1s
[master] Worker worker-5@hydra-sat task 19: count=0  avg=0.0s  next_timeout=1s
[master] Worker [worker-5@hydra-sat] requested a task
[master] Task 20 → worker-5@hydra-sat  cube=[55 -119 149 150 0 0]  timeout=1s
[master] Worker worker-5@hydra-sat task 20: count=0  avg=0.0s  next_timeout=1s
[master] Worker [worker-5@hydra-sat] requested a task
[master] Task 21 → worker-5@hydra-sat  cube=[55 -119 149 -150 0 0]  timeout=1s
[master] Worker worker-5@hydra-sat task 21: count=0  avg=0.0s  next_timeout=1s
[master] Worker [worker-5@hydra-sat] requested a task
[master] Task 22 → worker-5@hydra-sat  cube=[55 -119 149 -150 0 0]  timeout=1s
[master] Worker worker-5@hydra-sat task 22: count=0  avg=0.0s  next_timeout=1s
[master] Worker [worker-5@hydra-sat] requested a task
[master] Task 23 → worker-5@hydra-sat  cube=[55 -119 149 -150 0 0]  timeout=1s
[master] Worker worker-5@hydra-sat task 23: count=0  avg=0.0s  next_timeout=1s
[master] Worker [worker-5@hydra-sat] requested a task
[master] Task 24 → worker-5@hydra-sat  cube=[55 -119 149 -150 0 0]  timeout=1s
[master] Worker worker-5@hydra-sat task 24: count=0  avg=0.0s  next_timeout=1s
[master] Worker [worker-5@hydra-sat] requested a task
[master] Task 25 → worker-5@hydra-sat  cube=[55 -119 -149 150 0 0]  timeout=1s
[master] Worker worker-5@hydra-sat task 25: count=0  avg=0.0s  next_timeout=1s
[master] Worker [worker-5@hydra-sat] requested a task
[master] Task 26 → worker-5@hydra-sat  cube=[55 -119 -149 150 0 0]  timeout=1s
[master] Worker worker-5@hydra-sat task 26: count=0  avg=0.0s  next_timeout=1s
[master] Worker [worker-5@hydra-sat] requested a task
[master] Task 27 → worker-5@hydra-sat  cube=[55 -119 -149 150 0 0]  timeout=1s
[master] Worker worker-5@hydra-sat task 27: count=0  avg=0.0s  next_timeout=1s
[master] Worker [worker-5@hydra-sat] requested a task
[master] Task 28 → worker-5@hydra-sat  cube=[55 -119 -149 150 0 0]  timeout=1s
[master] Worker worker-5@hydra-sat task 28: count=0  avg=0.0s  next_timeout=1s
[master] Worker [worker-5@hydra-sat] requested a task
[master] Task 29 → worker-5@hydra-sat  cube=[55 -119 -149 -150 0 0]  timeout=1s
[master] Worker worker-5@hydra-sat task 29: count=0  avg=0.0s  next_timeout=1s
[master] Worker [worker-5@hydra-sat] requested a task
[master] Task 30 → worker-5@hydra-sat  cube=[55 -119 -149 -150 0 0]  timeout=1s
[master] Worker worker-5@hydra-sat task 30: count=0  avg=0.0s  next_timeout=1s
[master] Worker [worker-5@hydra-sat] requested a task
[master] Task 31 → worker-5@hydra-sat  cube=[55 -119 -149 -150 0 0]  timeout=1s
[master] Worker worker-5@hydra-sat task 31: count=0  avg=0.0s  next_timeout=1s
[master] Worker [worker-5@hydra-sat] requested a task
[master] Task 32 → worker-5@hydra-sat  cube=[55 -119 -149 -150 0 0]  timeout=1s
[master] Worker worker-5@hydra-sat task 32: count=0  avg=0.0s  next_timeout=1s
[master] Worker [worker-5@hydra-sat] requested a task
[master] Task 33 → worker-5@hydra-sat  cube=[-55 119 149 150 0 0]  timeout=1s
[master] Worker worker-5@hydra-sat task 33: count=0  avg=0.0s  next_timeout=1s
[master] Worker [worker-5@hydra-sat] requested a task
[master] Task 34 → worker-5@hydra-sat  cube=[-55 119 149 150 0 0]  timeout=1s
[master] Worker worker-5@hydra-sat task 34: count=0  avg=0.0s  next_timeout=1s
[master] Worker [worker-5@hydra-sat] requested a task
[master] Task 35 → worker-5@hydra-sat  cube=[-55 119 149 150 0 0]  timeout=1s
[master] Worker worker-5@hydra-sat task 35: count=0  avg=0.0s  next_timeout=1s
[master] Worker [worker-5@hydra-sat] requested a task
[master] Task 36 → worker-5@hydra-sat  cube=[-55 119 149 150 0 0]  timeout=1s
[master] Worker [worker-7@hydra-sat] requested a task
[master] Task 37 → worker-7@hydra-sat  cube=[-55 119 149 -150 0 0]  timeout=1s
[master] Worker worker-5@hydra-sat task 36: count=0  avg=0.0s  next_timeout=1s
[master] Worker [worker-5@hydra-sat] requested a task
[master] Task 38 → worker-5@hydra-sat  cube=[-55 119 149 -150 0 0]  timeout=1s
[master] Worker worker-7@hydra-sat task 37: count=0  avg=0.0s  next_timeout=1s
[master] Worker [worker-7@hydra-sat] requested a task
[master] Task 39 → worker-7@hydra-sat  cube=[-55 119 149 -150 0 0]  timeout=1s
[master] Worker worker-5@hydra-sat task 38: count=0  avg=0.0s  next_timeout=1s
[master] Worker [worker-5@hydra-sat] requested a task
[master] Task 40 → worker-5@hydra-sat  cube=[-55 119 149 -150 0 0]  timeout=1s
[master] Worker worker-7@hydra-sat task 39: count=0  avg=0.0s  next_timeout=1s
[master] Worker [worker-7@hydra-sat] requested a task
[master] Task 41 → worker-7@hydra-sat  cube=[-55 119 -149 150 0 0]  timeout=1s
[master] Worker worker-5@hydra-sat task 40: count=0  avg=0.0s  next_timeout=1s
[master] Worker [worker-5@hydra-sat] requested a task
[master] Task 42 → worker-5@hydra-sat  cube=[-55 119 -149 150 0 0]  timeout=1s
[master] Worker worker-7@hydra-sat task 41: count=0  avg=0.0s  next_timeout=1s
[master] Worker [worker-7@hydra-sat] requested a task
[master] Task 43 → worker-7@hydra-sat  cube=[-55 119 -149 150 0 0]  timeout=1s
[master] Worker worker-5@hydra-sat task 42: count=0  avg=0.0s  next_timeout=1s
[master] Worker [worker-5@hydra-sat] requested a task
[master] Task 44 → worker-5@hydra-sat  cube=[-55 119 -149 150 0 0]  timeout=1s
[master] Worker worker-7@hydra-sat task 43: count=0  avg=0.0s  next_timeout=1s
[master] Worker [worker-7@hydra-sat] requested a task
[master] Task 45 → worker-7@hydra-sat  cube=[-55 119 -149 -150 0 0]  timeout=1s
[master] Worker worker-5@hydra-sat task 44: count=0  avg=0.0s  next_timeout=1s
[master] Worker [worker-5@hydra-sat] requested a task
[master] Task 46 → worker-5@hydra-sat  cube=[-55 119 -149 -150 0 0]  timeout=1s
[master] Worker worker-7@hydra-sat task 45: count=0  avg=0.0s  next_timeout=1s
[master] Worker [worker-7@hydra-sat] requested a task
[master] Task 47 → worker-7@hydra-sat  cube=[-55 119 -149 -150 0 0]  timeout=1s
[master] Worker worker-5@hydra-sat task 46: count=0  avg=0.0s  next_timeout=1s
[master] Worker [worker-5@hydra-sat] requested a task
[master] Task 48 → worker-5@hydra-sat  cube=[-55 119 -149 -150 0 0]  timeout=1s
[master] Worker worker-7@hydra-sat task 47: count=0  avg=0.0s  next_timeout=1s
[master] Worker [worker-7@hydra-sat] requested a task
[master] Task 49 → worker-7@hydra-sat  cube=[-55 -119 149 150 0 0]  timeout=1s
[master] Worker worker-5@hydra-sat task 48: count=0  avg=0.0s  next_timeout=1s
[master] Worker [worker-5@hydra-sat] requested a task
[master] Task 50 → worker-5@hydra-sat  cube=[-55 -119 149 150 0 0]  timeout=1s
[master] Worker worker-7@hydra-sat task 49: count=0  avg=0.0s  next_timeout=1s
[master] Worker [worker-7@hydra-sat] requested a task
[master] Task 51 → worker-7@hydra-sat  cube=[-55 -119 149 150 0 0]  timeout=1s
[master] Worker worker-5@hydra-sat task 50: count=0  avg=0.0s  next_timeout=1s
[master] Worker [worker-5@hydra-sat] requested a task
[master] Task 52 → worker-5@hydra-sat  cube=[-55 -119 149 150 0 0]  timeout=1s
[master] Worker worker-7@hydra-sat task 51: count=0  avg=0.0s  next_timeout=1s
[master] Worker [worker-7@hydra-sat] requested a task
[master] Task 53 → worker-7@hydra-sat  cube=[-55 -119 149 -150 0 0]  timeout=1s
[master] Worker worker-5@hydra-sat task 52: count=0  avg=0.0s  next_timeout=1s
[master] Worker [worker-5@hydra-sat] requested a task
[master] Task 54 → worker-5@hydra-sat  cube=[-55 -119 149 -150 0 0]  timeout=1s
[master] Worker worker-7@hydra-sat task 53: count=0  avg=0.0s  next_timeout=1s
[master] Worker [worker-7@hydra-sat] requested a task
[master] Task 55 → worker-7@hydra-sat  cube=[-55 -119 149 -150 0 0]  timeout=1s
[master] Worker worker-5@hydra-sat task 54: count=0  avg=0.0s  next_timeout=1s
[master] Worker [worker-5@hydra-sat] requested a task
[master] Task 56 → worker-5@hydra-sat  cube=[-55 -119 149 -150 0 0]  timeout=1s
[master] Worker worker-7@hydra-sat task 55: count=0  avg=0.0s  next_timeout=1s
[master] Worker [worker-7@hydra-sat] requested a task
[master] Task 57 → worker-7@hydra-sat  cube=[-55 -119 -149 150 0 0]  timeout=1s
[master] Worker worker-5@hydra-sat task 56: count=0  avg=0.0s  next_timeout=1s
[master] Worker [worker-5@hydra-sat] requested a task
[master] Task 58 → worker-5@hydra-sat  cube=[-55 -119 -149 150 0 0]  timeout=1s
[master] Worker worker-7@hydra-sat task 57: count=0  avg=0.0s  next_timeout=1s
[master] Worker [worker-7@hydra-sat] requested a task
[master] Task 59 → worker-7@hydra-sat  cube=[-55 -119 -149 150 0 0]  timeout=1s
[master] Worker worker-5@hydra-sat task 58: count=0  avg=0.0s  next_timeout=1s
[master] Worker [worker-5@hydra-sat] requested a task
[master] Task 60 → worker-5@hydra-sat  cube=[-55 -119 -149 150 0 0]  timeout=1s
[master] Worker worker-7@hydra-sat task 59: count=0  avg=0.0s  next_timeout=1s
[master] Worker [worker-7@hydra-sat] requested a task
[master] Task 61 → worker-7@hydra-sat  cube=[-55 -119 -149 -150 0 0]  timeout=1s
[master] Worker worker-5@hydra-sat task 60: count=0  avg=0.0s  next_timeout=1s
[master] Worker [worker-5@hydra-sat] requested a task
[master] Task 62 → worker-5@hydra-sat  cube=[-55 -119 -149 -150 0 0]  timeout=1s
[master] Worker worker-7@hydra-sat task 61: count=0  avg=0.0s  next_timeout=1s
[master] Worker [worker-7@hydra-sat] requested a task
[master] Task 63 → worker-7@hydra-sat  cube=[-55 -119 -149 -150 0 0]  timeout=1s
[master] Worker worker-5@hydra-sat task 62: count=0  avg=0.0s  next_timeout=1s
[master] Worker [worker-5@hydra-sat] requested a task
[master] Task 64 → worker-5@hydra-sat  cube=[-55 -119 -149 -150 0 0]  timeout=1s
[master] Worker worker-7@hydra-sat task 63: count=0  avg=0.0s  next_timeout=1s
[master] Worker [worker-7@hydra-sat] requested a task
[master] Worker worker-5@hydra-sat task 64: count=0  avg=0.0s  next_timeout=1s
[master] cnf_instances/rand3sat_150v_450c.cnf done in 3.6s — holding 3s for TUI…
[logger] failed to open log: open results/benchmark.csv: permission denied
[master] Worker [worker-5@hydra-sat] requested a task
[master] Worker [worker-2@hydra-sat] requested a task
[master] Worker [worker-3@hydra-sat] requested a task
[master] Worker [worker-0@hydra-sat] requested a task
[master] Worker [worker-6@hydra-sat] requested a task
[master] Worker [worker-4@hydra-sat] requested a task
[master] Worker [worker-1@hydra-sat] requested a task
=======================================
SOLVING COMPLETE
  File:        cnf_instances/rand3sat_150v_450c.cnf
  Model Count: 0
=======================================

[6/22] Loading CNF: cnf_instances/rand3sat_150v_630c.cnf
  150 vars, 630 clauses
[master] Solving cnf_instances/rand3sat_150v_630c.cnf  (64 initial cubes)
[master] Worker [worker-7@hydra-sat] requested a task
[master] Task 1 → worker-7@hydra-sat  cube=[27 55 111 119 145 149]  timeout=2147483647s
[master] Worker [worker-5@hydra-sat] requested a task
[master] Task 2 → worker-5@hydra-sat  cube=[27 55 111 119 145 -149]  timeout=2147483647s
[master] Worker worker-7@hydra-sat task 1: count=0  avg=0.0s  next_timeout=1s
[master] Worker [worker-7@hydra-sat] requested a task
[master] Task 3 → worker-7@hydra-sat  cube=[27 55 111 119 -145 149]  timeout=1s
[master] Worker worker-5@hydra-sat task 2: count=0  avg=0.0s  next_timeout=1s
[master] Worker [worker-5@hydra-sat] requested a task
[master] Task 4 → worker-5@hydra-sat  cube=[27 55 111 119 -145 -149]  timeout=1s
[master] Worker worker-5@hydra-sat task 4: count=0  avg=0.0s  next_timeout=1s
[master] Worker [worker-5@hydra-sat] requested a task
[master] Task 5 → worker-5@hydra-sat  cube=[27 55 111 -119 145 149]  timeout=1s
[master] Worker worker-7@hydra-sat task 3: count=0  avg=0.0s  next_timeout=1s
[master] Worker [worker-7@hydra-sat] requested a task
[master] Task 6 → worker-7@hydra-sat  cube=[27 55 111 -119 145 -149]  timeout=1s
[master] Worker worker-5@hydra-sat task 5: count=0  avg=0.0s  next_timeout=1s
[master] Worker [worker-5@hydra-sat] requested a task
[master] Task 7 → worker-5@hydra-sat  cube=[27 55 111 -119 -145 149]  timeout=1s
[master] Worker worker-7@hydra-sat task 6: count=0  avg=0.0s  next_timeout=1s
[master] Worker [worker-7@hydra-sat] requested a task
[master] Task 8 → worker-7@hydra-sat  cube=[27 55 111 -119 -145 -149]  timeout=1s
[master] Worker worker-5@hydra-sat task 7: count=0  avg=0.0s  next_timeout=1s
[master] Worker [worker-5@hydra-sat] requested a task
[master] Task 9 → worker-5@hydra-sat  cube=[27 55 -111 119 145 149]  timeout=1s
[master] Worker worker-7@hydra-sat task 8: count=0  avg=0.0s  next_timeout=1s
[master] Worker [worker-7@hydra-sat] requested a task
[master] Task 10 → worker-7@hydra-sat  cube=[27 55 -111 119 145 -149]  timeout=1s
[master] Worker worker-5@hydra-sat task 9: count=0  avg=0.0s  next_timeout=1s
[master] Worker [worker-5@hydra-sat] requested a task
[master] Task 11 → worker-5@hydra-sat  cube=[27 55 -111 119 -145 149]  timeout=1s
[master] Worker worker-7@hydra-sat task 10: count=0  avg=0.0s  next_timeout=1s
[master] Worker [worker-7@hydra-sat] requested a task
[master] Task 12 → worker-7@hydra-sat  cube=[27 55 -111 119 -145 -149]  timeout=1s
[master] Worker worker-7@hydra-sat task 12: count=0  avg=0.0s  next_timeout=1s
[master] Worker [worker-7@hydra-sat] requested a task
[master] Task 13 → worker-7@hydra-sat  cube=[27 55 -111 -119 145 149]  timeout=1s
[master] Worker worker-5@hydra-sat task 11: count=0  avg=0.0s  next_timeout=1s
[master] Worker [worker-5@hydra-sat] requested a task
[master] Task 14 → worker-5@hydra-sat  cube=[27 55 -111 -119 145 -149]  timeout=1s
[master] Worker worker-7@hydra-sat task 13: count=0  avg=0.0s  next_timeout=1s
[master] Worker [worker-7@hydra-sat] requested a task
[master] Task 15 → worker-7@hydra-sat  cube=[27 55 -111 -119 -145 149]  timeout=1s
[master] Worker worker-5@hydra-sat task 14: count=0  avg=0.0s  next_timeout=1s
[master] Worker [worker-5@hydra-sat] requested a task
[master] Task 16 → worker-5@hydra-sat  cube=[27 55 -111 -119 -145 -149]  timeout=1s
[master] Worker worker-7@hydra-sat task 15: count=0  avg=0.0s  next_timeout=1s
[master] Worker [worker-7@hydra-sat] requested a task
[master] Task 17 → worker-7@hydra-sat  cube=[27 -55 111 119 145 149]  timeout=1s
[master] Worker worker-5@hydra-sat task 16: count=0  avg=0.0s  next_timeout=1s
[master] Worker [worker-5@hydra-sat] requested a task
[master] Task 18 → worker-5@hydra-sat  cube=[27 -55 111 119 145 -149]  timeout=1s
[master] Worker [worker-2@hydra-sat] requested a task
[master] Task 19 → worker-2@hydra-sat  cube=[27 -55 111 119 -145 149]  timeout=1s
[master] Worker [worker-0@hydra-sat] requested a task
[master] Task 20 → worker-0@hydra-sat  cube=[27 -55 111 119 -145 -149]  timeout=1s
[master] Worker worker-7@hydra-sat TIMEOUT task 17: cube=[27 -55 111 119 145 149] — splitting (JW)
[master] Worker worker-5@hydra-sat TIMEOUT task 18: cube=[27 -55 111 119 145 -149] — splitting (JW)
[master] Worker [worker-5@hydra-sat] requested a task
[master] Task 21 → worker-5@hydra-sat  cube=[27 -55 111 -119 145 149]  timeout=1s
[master] Worker [worker-7@hydra-sat] requested a task
[master] Task 22 → worker-7@hydra-sat  cube=[27 -55 111 -119 145 -149]  timeout=1s
[master] Worker worker-2@hydra-sat TIMEOUT task 19: cube=[27 -55 111 119 -145 149] — splitting (JW)
[master] Worker [worker-2@hydra-sat] requested a task
[master] Task 23 → worker-2@hydra-sat  cube=[27 -55 111 -119 -145 149]  timeout=1s
[master] Worker worker-0@hydra-sat TIMEOUT task 20: cube=[27 -55 111 119 -145 -149] — splitting (JW)
[master] Worker [worker-0@hydra-sat] requested a task
[master] Task 24 → worker-0@hydra-sat  cube=[27 -55 111 -119 -145 -149]  timeout=1s
[master] Worker worker-2@hydra-sat task 23: count=0  avg=0.0s  next_timeout=1s
[master] Worker [worker-2@hydra-sat] requested a task
[master] Task 25 → worker-2@hydra-sat  cube=[27 -55 -111 119 145 149]  timeout=1s
[master] Worker worker-0@hydra-sat task 24: count=0  avg=0.0s  next_timeout=1s
[master] Worker [worker-0@hydra-sat] requested a task
[master] Task 26 → worker-0@hydra-sat  cube=[27 -55 -111 119 145 -149]  timeout=1s
[master] Worker worker-0@hydra-sat task 26: count=0  avg=0.0s  next_timeout=1s
[master] Worker [worker-0@hydra-sat] requested a task
[master] Task 27 → worker-0@hydra-sat  cube=[27 -55 -111 119 -145 149]  timeout=1s
[master] Worker worker-0@hydra-sat task 27: count=0  avg=0.0s  next_timeout=1s
[master] Worker [worker-0@hydra-sat] requested a task
[master] Task 28 → worker-0@hydra-sat  cube=[27 -55 -111 119 -145 -149]  timeout=1s
[master] Worker worker-0@hydra-sat task 28: count=0  avg=0.0s  next_timeout=1s
[master] Worker [worker-0@hydra-sat] requested a task
[master] Task 29 → worker-0@hydra-sat  cube=[27 -55 -111 -119 145 149]  timeout=1s
[master] Worker worker-0@hydra-sat task 29: count=0  avg=0.0s  next_timeout=1s
[master] Worker [worker-0@hydra-sat] requested a task
[master] Task 30 → worker-0@hydra-sat  cube=[27 -55 -111 -119 145 -149]  timeout=1s
[master] Worker worker-0@hydra-sat task 30: count=0  avg=0.0s  next_timeout=1s
[master] Worker [worker-0@hydra-sat] requested a task
[master] Task 31 → worker-0@hydra-sat  cube=[27 -55 -111 -119 -145 149]  timeout=1s
[master] Worker worker-0@hydra-sat task 31: count=0  avg=0.0s  next_timeout=1s
[master] Worker [worker-0@hydra-sat] requested a task
[master] Task 32 → worker-0@hydra-sat  cube=[27 -55 -111 -119 -145 -149]  timeout=1s
[master] Worker worker-0@hydra-sat task 32: count=0  avg=0.0s  next_timeout=1s
[master] Worker [worker-0@hydra-sat] requested a task
[master] Task 33 → worker-0@hydra-sat  cube=[-27 55 111 119 145 149]  timeout=1s
[master] Worker worker-0@hydra-sat task 33: count=0  avg=0.0s  next_timeout=1s
[master] Worker [worker-0@hydra-sat] requested a task
[master] Task 34 → worker-0@hydra-sat  cube=[-27 55 111 119 145 -149]  timeout=1s
[master] Worker worker-0@hydra-sat task 34: count=0  avg=0.0s  next_timeout=1s
[master] Worker [worker-0@hydra-sat] requested a task
[master] Task 35 → worker-0@hydra-sat  cube=[-27 55 111 119 -145 149]  timeout=1s
[master] Worker worker-5@hydra-sat TIMEOUT task 21: cube=[27 -55 111 -119 145 149] — splitting (JW)
[master] Worker worker-7@hydra-sat TIMEOUT task 22: cube=[27 -55 111 -119 145 -149] — splitting (JW)
[master] Worker [worker-5@hydra-sat] requested a task
[master] Task 36 → worker-5@hydra-sat  cube=[-27 55 111 119 -145 -149]  timeout=1s
[master] Worker [worker-7@hydra-sat] requested a task
[master] Task 37 → worker-7@hydra-sat  cube=[-27 55 111 -119 145 149]  timeout=1s
[master] Worker worker-7@hydra-sat task 37: count=0  avg=0.0s  next_timeout=1s
[master] Worker [worker-7@hydra-sat] requested a task
[master] Task 38 → worker-7@hydra-sat  cube=[-27 55 111 -119 145 -149]  timeout=1s
[master] Worker worker-7@hydra-sat task 38: count=0  avg=0.0s  next_timeout=1s
[master] Worker [worker-7@hydra-sat] requested a task
[master] Task 39 → worker-7@hydra-sat  cube=[-27 55 111 -119 -145 149]  timeout=1s
[master] Worker worker-2@hydra-sat TIMEOUT task 25: cube=[27 -55 -111 119 145 149] — splitting (JW)
[master] Worker [worker-2@hydra-sat] requested a task
[master] Task 40 → worker-2@hydra-sat  cube=[-27 55 111 -119 -145 -149]  timeout=1s
[master] Worker worker-0@hydra-sat TIMEOUT task 35: cube=[-27 55 111 119 -145 149] — splitting (JW)
[master] Worker [worker-0@hydra-sat] requested a task
[master] Task 41 → worker-0@hydra-sat  cube=[-27 55 -111 119 145 149]  timeout=1s
[master] Worker worker-0@hydra-sat task 41: count=0  avg=0.0s  next_timeout=1s
[master] Worker [worker-0@hydra-sat] requested a task
[master] Task 42 → worker-0@hydra-sat  cube=[-27 55 -111 119 145 -149]  timeout=1s
[master] Worker worker-0@hydra-sat task 42: count=0  avg=0.0s  next_timeout=1s
[master] Worker [worker-0@hydra-sat] requested a task
[master] Task 43 → worker-0@hydra-sat  cube=[-27 55 -111 119 -145 149]  timeout=1s
[master] Worker worker-5@hydra-sat TIMEOUT task 36: cube=[-27 55 111 119 -145 -149] — splitting (JW)
[master] Worker [worker-5@hydra-sat] requested a task
[master] Task 44 → worker-5@hydra-sat  cube=[-27 55 -111 119 -145 -149]  timeout=1s
[master] Worker worker-7@hydra-sat TIMEOUT task 39: cube=[-27 55 111 -119 -145 149] — splitting (JW)
[master] Worker worker-5@hydra-sat task 44: count=0  avg=0.0s  next_timeout=1s
[master] Worker [worker-5@hydra-sat] requested a task
[master] Task 45 → worker-5@hydra-sat  cube=[-27 55 -111 -119 145 149]  timeout=1s
[master] Worker [worker-7@hydra-sat] requested a task
[master] Task 46 → worker-7@hydra-sat  cube=[-27 55 -111 -119 145 -149]  timeout=1s
[master] Worker worker-5@hydra-sat task 45: count=0  avg=0.0s  next_timeout=1s
[master] Worker [worker-5@hydra-sat] requested a task
[master] Task 47 → worker-5@hydra-sat  cube=[-27 55 -111 -119 -145 149]  timeout=1s
[master] Worker worker-7@hydra-sat task 46: count=0  avg=0.0s  next_timeout=1s
[master] Worker [worker-7@hydra-sat] requested a task
[master] Task 48 → worker-7@hydra-sat  cube=[-27 55 -111 -119 -145 -149]  timeout=1s
[master] Worker worker-5@hydra-sat task 47: count=0  avg=0.0s  next_timeout=1s
[master] Worker [worker-5@hydra-sat] requested a task
[master] Task 49 → worker-5@hydra-sat  cube=[-27 -55 111 119 145 149]  timeout=1s
[master] Worker worker-2@hydra-sat TIMEOUT task 40: cube=[-27 55 111 -119 -145 -149] — splitting (JW)
[master] Worker [worker-2@hydra-sat] requested a task
[master] Task 50 → worker-2@hydra-sat  cube=[-27 -55 111 119 145 -149]  timeout=1s
[master] Worker worker-0@hydra-sat TIMEOUT task 43: cube=[-27 55 -111 119 -145 149] — splitting (JW)
[master] Worker [worker-0@hydra-sat] requested a task
[master] Task 51 → worker-0@hydra-sat  cube=[-27 -55 111 119 -145 149]  timeout=1s
[master] Worker worker-7@hydra-sat TIMEOUT task 48: cube=[-27 55 -111 -119 -145 -149] — splitting (JW)
[master] Worker worker-5@hydra-sat TIMEOUT task 49: cube=[-27 -55 111 119 145 149] — splitting (JW)
[master] Worker [worker-7@hydra-sat] requested a task
[master] Task 52 → worker-7@hydra-sat  cube=[-27 -55 111 119 -145 -149]  timeout=1s
[master] Worker [worker-5@hydra-sat] requested a task
[master] Task 53 → worker-5@hydra-sat  cube=[-27 -55 111 -119 145 149]  timeout=1s
[master] Worker worker-2@hydra-sat TIMEOUT task 50: cube=[-27 -55 111 119 145 -149] — splitting (JW)
[master] Worker [worker-2@hydra-sat] requested a task
[master] Task 54 → worker-2@hydra-sat  cube=[-27 -55 111 -119 145 -149]  timeout=1s
[master] Worker worker-0@hydra-sat TIMEOUT task 51: cube=[-27 -55 111 119 -145 149] — splitting (JW)
[master] Worker [worker-0@hydra-sat] requested a task
[master] Task 55 → worker-0@hydra-sat  cube=[-27 -55 111 -119 -145 149]  timeout=1s
[master] Worker worker-7@hydra-sat TIMEOUT task 52: cube=[-27 -55 111 119 -145 -149] — splitting (JW)
[master] Worker [worker-7@hydra-sat] requested a task
[master] Task 56 → worker-7@hydra-sat  cube=[-27 -55 111 -119 -145 -149]  timeout=1s
[master] Worker worker-5@hydra-sat TIMEOUT task 53: cube=[-27 -55 111 -119 145 149] — splitting (JW)
[master] Worker [worker-5@hydra-sat] requested a task
[master] Task 57 → worker-5@hydra-sat  cube=[-27 -55 -111 119 145 149]  timeout=1s
[master] Worker worker-2@hydra-sat TIMEOUT task 54: cube=[-27 -55 111 -119 145 -149] — splitting (JW)
[master] Worker [worker-2@hydra-sat] requested a task
[master] Task 58 → worker-2@hydra-sat  cube=[-27 -55 -111 119 145 -149]  timeout=1s
[master] Worker worker-2@hydra-sat task 58: count=0  avg=0.0s  next_timeout=1s
[master] Worker [worker-2@hydra-sat] requested a task
[master] Task 59 → worker-2@hydra-sat  cube=[-27 -55 -111 119 -145 149]  timeout=1s
[master] Worker worker-0@hydra-sat TIMEOUT task 55: cube=[-27 -55 111 -119 -145 149] — splitting (JW)
[master] Worker [worker-0@hydra-sat] requested a task
[master] Task 60 → worker-0@hydra-sat  cube=[-27 -55 -111 119 -145 -149]  timeout=1s
[master] Worker worker-7@hydra-sat TIMEOUT task 56: cube=[-27 -55 111 -119 -145 -149] — splitting (JW)
[master] Worker [worker-7@hydra-sat] requested a task
[master] Task 61 → worker-7@hydra-sat  cube=[-27 -55 -111 -119 145 149]  timeout=1s
[master] Worker worker-5@hydra-sat TIMEOUT task 57: cube=[-27 -55 -111 119 145 149] — splitting (JW)
[master] Worker [worker-5@hydra-sat] requested a task
[master] Task 62 → worker-5@hydra-sat  cube=[-27 -55 -111 -119 145 -149]  timeout=1s
[master] Worker worker-2@hydra-sat TIMEOUT task 59: cube=[-27 -55 -111 119 -145 149] — splitting (JW)
[master] Worker [worker-2@hydra-sat] requested a task
[master] Task 63 → worker-2@hydra-sat  cube=[-27 -55 -111 -119 -145 149]  timeout=1s
[master] Worker worker-0@hydra-sat TIMEOUT task 60: cube=[-27 -55 -111 119 -145 -149] — splitting (JW)
[master] Worker [worker-0@hydra-sat] requested a task
[master] Task 64 → worker-0@hydra-sat  cube=[-27 -55 -111 -119 -145 -149]  timeout=1s
[master] Worker worker-7@hydra-sat TIMEOUT task 61: cube=[-27 -55 -111 -119 145 149] — splitting (JW)
[master] Worker [worker-7@hydra-sat] requested a task
[master] Task 65 → worker-7@hydra-sat  cube=[27 -55 111 119 145 -149 150]  timeout=1s
[master] Worker worker-5@hydra-sat TIMEOUT task 62: cube=[-27 -55 -111 -119 145 -149] — splitting (JW)
[master] Worker [worker-5@hydra-sat] requested a task
[master] Task 66 → worker-5@hydra-sat  cube=[27 -55 111 119 145 -149 -150]  timeout=1s
[master] Worker worker-7@hydra-sat task 65: count=0  avg=0.0s  next_timeout=1s
[master] Worker [worker-7@hydra-sat] requested a task
[master] Task 67 → worker-7@hydra-sat  cube=[27 -55 111 119 145 149 150]  timeout=1s
[master] Worker worker-2@hydra-sat TIMEOUT task 63: cube=[-27 -55 -111 -119 -145 149] — splitting (JW)
[master] Worker [worker-2@hydra-sat] requested a task
[master] Task 68 → worker-2@hydra-sat  cube=[27 -55 111 119 145 149 -150]  timeout=1s
[master] Worker worker-0@hydra-sat TIMEOUT task 64: cube=[-27 -55 -111 -119 -145 -149] — splitting (JW)
[master] Worker [worker-0@hydra-sat] requested a task
[master] Task 69 → worker-0@hydra-sat  cube=[27 -55 111 119 -145 149 150]  timeout=1s
[master] Worker worker-0@hydra-sat task 69: count=0  avg=0.0s  next_timeout=1s
[master] Worker [worker-0@hydra-sat] requested a task
[master] Task 70 → worker-0@hydra-sat  cube=[27 -55 111 119 -145 149 -150]  timeout=1s
[master] Worker worker-0@hydra-sat task 70: count=0  avg=0.0s  next_timeout=1s
[master] Worker [worker-0@hydra-sat] requested a task
[master] Task 71 → worker-0@hydra-sat  cube=[27 -55 111 119 -145 -149 150]  timeout=1s
[master] Worker worker-0@hydra-sat task 71: count=0  avg=0.0s  next_timeout=1s
[master] Worker [worker-0@hydra-sat] requested a task
[master] Task 72 → worker-0@hydra-sat  cube=[27 -55 111 119 -145 -149 -150]  timeout=1s
[master] Worker worker-0@hydra-sat task 72: count=0  avg=0.0s  next_timeout=1s
[master] Worker [worker-0@hydra-sat] requested a task
[master] Task 73 → worker-0@hydra-sat  cube=[27 -55 111 -119 145 149 150]  timeout=1s
[master] Worker worker-0@hydra-sat task 73: count=0  avg=0.0s  next_timeout=1s
[master] Worker [worker-0@hydra-sat] requested a task
[master] Task 74 → worker-0@hydra-sat  cube=[27 -55 111 -119 145 149 -150]  timeout=1s
[master] Worker worker-0@hydra-sat task 74: count=0  avg=0.0s  next_timeout=1s
[master] Worker [worker-0@hydra-sat] requested a task
[master] Task 75 → worker-0@hydra-sat  cube=[27 -55 111 -119 145 -149 150]  timeout=1s
[master] Worker worker-0@hydra-sat task 75: count=0  avg=0.0s  next_timeout=1s
[master] Worker [worker-0@hydra-sat] requested a task
[master] Task 76 → worker-0@hydra-sat  cube=[27 -55 111 -119 145 -149 -150]  timeout=1s
[master] Worker worker-0@hydra-sat task 76: count=0  avg=0.0s  next_timeout=1s
[master] Worker [worker-0@hydra-sat] requested a task
[master] Task 77 → worker-0@hydra-sat  cube=[27 -55 -111 119 145 149 150]  timeout=1s
[master] Worker worker-0@hydra-sat task 77: count=0  avg=0.0s  next_timeout=1s
[master] Worker [worker-0@hydra-sat] requested a task
[master] Task 78 → worker-0@hydra-sat  cube=[27 -55 -111 119 145 149 -150]  timeout=1s
[master] Worker worker-0@hydra-sat task 78: count=0  avg=0.0s  next_timeout=1s
[master] Worker [worker-0@hydra-sat] requested a task
[master] Task 79 → worker-0@hydra-sat  cube=[-27 55 111 119 -145 149 150]  timeout=1s
[master] Worker worker-5@hydra-sat TIMEOUT task 66: cube=[27 -55 111 119 145 -149 -150] — splitting (JW)
[master] Worker worker-7@hydra-sat TIMEOUT task 67: cube=[27 -55 111 119 145 149 150] — splitting (JW)
[master] Worker [worker-5@hydra-sat] requested a task
[master] Task 80 → worker-5@hydra-sat  cube=[-27 55 111 119 -145 149 -150]  timeout=1s
[master] Worker [worker-7@hydra-sat] requested a task
[master] Task 81 → worker-7@hydra-sat  cube=[-27 55 111 119 -145 -149 150]  timeout=1s
[master] Worker worker-5@hydra-sat task 80: count=0  avg=0.0s  next_timeout=1s
[master] Worker [worker-5@hydra-sat] requested a task
[master] Task 82 → worker-5@hydra-sat  cube=[-27 55 111 119 -145 -149 -150]  timeout=1s
[master] Worker worker-5@hydra-sat task 82: count=0  avg=0.0s  next_timeout=1s
[master] Worker [worker-5@hydra-sat] requested a task
[master] Task 83 → worker-5@hydra-sat  cube=[-27 55 111 -119 -145 149 150]  timeout=1s
[master] Worker worker-2@hydra-sat TIMEOUT task 68: cube=[27 -55 111 119 145 149 -150] — splitting (JW)
[master] Worker [worker-2@hydra-sat] requested a task
[master] Task 84 → worker-2@hydra-sat  cube=[-27 55 111 -119 -145 149 -150]  timeout=1s
[master] Worker worker-2@hydra-sat task 84: count=0  avg=0.0s  next_timeout=1s
[master] Worker [worker-2@hydra-sat] requested a task
[master] Task 85 → worker-2@hydra-sat  cube=[-27 55 111 -119 -145 -149 150]  timeout=1s
[master] Worker worker-0@hydra-sat TIMEOUT task 79: cube=[-27 55 111 119 -145 149 150] — splitting (JW)
[master] Worker [worker-0@hydra-sat] requested a task
[master] Task 86 → worker-0@hydra-sat  cube=[-27 55 111 -119 -145 -149 -150]  timeout=1s
[master] Worker worker-7@hydra-sat TIMEOUT task 81: cube=[-27 55 111 119 -145 -149 150] — splitting (JW)
[master] Worker [worker-7@hydra-sat] requested a task
[master] Task 87 → worker-7@hydra-sat  cube=[-27 55 -111 119 -145 149 150]  timeout=1s
[master] Worker worker-5@hydra-sat TIMEOUT task 83: cube=[-27 55 111 -119 -145 149 150] — splitting (JW)
[master] Worker [worker-5@hydra-sat] requested a task
[master] Task 88 → worker-5@hydra-sat  cube=[-27 55 -111 119 -145 149 -150]  timeout=1s
[master] Worker worker-5@hydra-sat task 88: count=0  avg=0.0s  next_timeout=1s
[master] Worker [worker-5@hydra-sat] requested a task
[master] Task 89 → worker-5@hydra-sat  cube=[-27 55 -111 -119 -145 -149 150]  timeout=1s
[master] Worker worker-5@hydra-sat task 89: count=0  avg=0.0s  next_timeout=1s
[master] Worker [worker-5@hydra-sat] requested a task
[master] Task 90 → worker-5@hydra-sat  cube=[-27 55 -111 -119 -145 -149 -150]  timeout=1s
[master] Worker worker-5@hydra-sat task 90: count=0  avg=0.0s  next_timeout=1s
[master] Worker [worker-5@hydra-sat] requested a task
[master] Task 91 → worker-5@hydra-sat  cube=[-27 -55 111 119 145 149 150]  timeout=1s
[master] Worker worker-2@hydra-sat TIMEOUT task 85: cube=[-27 55 111 -119 -145 -149 150] — splitting (JW)
[master] Worker [worker-2@hydra-sat] requested a task
[master] Task 92 → worker-2@hydra-sat  cube=[-27 -55 111 119 145 149 -150]  timeout=1s
[master] Worker worker-0@hydra-sat TIMEOUT task 86: cube=[-27 55 111 -119 -145 -149 -150] — splitting (JW)
[master] Worker [worker-0@hydra-sat] requested a task
[master] Task 93 → worker-0@hydra-sat  cube=[-27 -55 111 119 145 -149 150]  timeout=1s
[master] Worker worker-7@hydra-sat TIMEOUT task 87: cube=[-27 55 -111 119 -145 149 150] — splitting (JW)
[master] Worker [worker-7@hydra-sat] requested a task
[master] Task 94 → worker-7@hydra-sat  cube=[-27 -55 111 119 145 -149 -150]  timeout=1s
[master] Worker worker-5@hydra-sat TIMEOUT task 91: cube=[-27 -55 111 119 145 149 150] — splitting (JW)
[master] Worker [worker-5@hydra-sat] requested a task
[master] Task 95 → worker-5@hydra-sat  cube=[-27 -55 111 119 -145 149 150]  timeout=1s
[master] Worker worker-2@hydra-sat TIMEOUT task 92: cube=[-27 -55 111 119 145 149 -150] — splitting (JW)
[master] Worker [worker-2@hydra-sat] requested a task
[master] Task 96 → worker-2@hydra-sat  cube=[-27 -55 111 119 -145 149 -150]  timeout=1s
[master] Worker worker-0@hydra-sat TIMEOUT task 93: cube=[-27 -55 111 119 145 -149 150] — splitting (JW)
[master] Worker [worker-0@hydra-sat] requested a task
[master] Task 97 → worker-0@hydra-sat  cube=[-27 -55 111 119 -145 -149 150]  timeout=1s
[master] Worker worker-7@hydra-sat TIMEOUT task 94: cube=[-27 -55 111 119 145 -149 -150] — splitting (JW)
[master] Worker [worker-7@hydra-sat] requested a task
[master] Task 98 → worker-7@hydra-sat  cube=[-27 -55 111 119 -145 -149 -150]  timeout=1s
[master] Worker worker-7@hydra-sat task 98: count=0  avg=0.0s  next_timeout=1s
[master] Worker [worker-7@hydra-sat] requested a task
[master] Task 99 → worker-7@hydra-sat  cube=[-27 -55 111 -119 145 149 150]  timeout=1s
[master] Worker worker-5@hydra-sat TIMEOUT task 95: cube=[-27 -55 111 119 -145 149 150] — splitting (JW)
[master] Worker [worker-5@hydra-sat] requested a task
[master] Task 100 → worker-5@hydra-sat  cube=[-27 -55 111 -119 145 149 -150]  timeout=1s
[master] Worker worker-2@hydra-sat TIMEOUT task 96: cube=[-27 -55 111 119 -145 149 -150] — splitting (JW)
[master] Worker [worker-2@hydra-sat] requested a task
[master] Task 101 → worker-2@hydra-sat  cube=[-27 -55 111 -119 145 -149 150]  timeout=1s
[master] Worker worker-0@hydra-sat TIMEOUT task 97: cube=[-27 -55 111 119 -145 -149 150] — splitting (JW)
[master] Worker [worker-0@hydra-sat] requested a task
[master] Task 102 → worker-0@hydra-sat  cube=[-27 -55 111 -119 145 -149 -150]  timeout=1s
[master] Worker worker-7@hydra-sat TIMEOUT task 99: cube=[-27 -55 111 -119 145 149 150] — splitting (JW)
[master] Worker [worker-7@hydra-sat] requested a task
[master] Task 103 → worker-7@hydra-sat  cube=[-27 -55 111 -119 -145 149 150]  timeout=1s
[master] Worker worker-5@hydra-sat TIMEOUT task 100: cube=[-27 -55 111 -119 145 149 -150] — splitting (JW)
[master] Worker [worker-5@hydra-sat] requested a task
[master] Task 104 → worker-5@hydra-sat  cube=[-27 -55 111 -119 -145 149 -150]  timeout=1s
[master] Worker worker-2@hydra-sat TIMEOUT task 101: cube=[-27 -55 111 -119 145 -149 150] — splitting (JW)
[master] Worker [worker-2@hydra-sat] requested a task
[master] Task 105 → worker-2@hydra-sat  cube=[-27 -55 111 -119 -145 -149 150]  timeout=1s
[master] Worker worker-0@hydra-sat TIMEOUT task 102: cube=[-27 -55 111 -119 145 -149 -150] — splitting (JW)
[master] Worker [worker-0@hydra-sat] requested a task
[master] Task 106 → worker-0@hydra-sat  cube=[-27 -55 111 -119 -145 -149 -150]  timeout=1s
[master] Worker worker-7@hydra-sat TIMEOUT task 103: cube=[-27 -55 111 -119 -145 149 150] — splitting (JW)
[master] Worker [worker-7@hydra-sat] requested a task
[master] Task 107 → worker-7@hydra-sat  cube=[-27 -55 -111 119 145 149 150]  timeout=1s
[master] Worker worker-5@hydra-sat TIMEOUT task 104: cube=[-27 -55 111 -119 -145 149 -150] — splitting (JW)
[master] Worker [worker-5@hydra-sat] requested a task
[master] Task 108 → worker-5@hydra-sat  cube=[-27 -55 -111 119 145 149 -150]  timeout=1s
[master] Worker worker-2@hydra-sat TIMEOUT task 105: cube=[-27 -55 111 -119 -145 -149 150] — splitting (JW)
[master] Worker [worker-2@hydra-sat] requested a task
[master] Task 109 → worker-2@hydra-sat  cube=[-27 -55 -111 119 -145 149 150]  timeout=1s
[master] Worker worker-0@hydra-sat TIMEOUT task 106: cube=[-27 -55 111 -119 -145 -149 -150] — splitting (JW)
[master] Worker [worker-0@hydra-sat] requested a task
[master] Task 110 → worker-0@hydra-sat  cube=[-27 -55 -111 119 -145 149 -150]  timeout=1s
[master] Worker worker-7@hydra-sat TIMEOUT task 107: cube=[-27 -55 -111 119 145 149 150] — splitting (JW)
[master] Worker [worker-7@hydra-sat] requested a task
[master] Task 111 → worker-7@hydra-sat  cube=[-27 -55 -111 119 -145 -149 150]  timeout=1s
[master] Worker worker-7@hydra-sat task 111: count=0  avg=0.0s  next_timeout=1s
[master] Worker [worker-7@hydra-sat] requested a task
[master] Task 112 → worker-7@hydra-sat  cube=[-27 -55 -111 119 -145 -149 -150]  timeout=1s
[master] Worker worker-5@hydra-sat TIMEOUT task 108: cube=[-27 -55 -111 119 145 149 -150] — splitting (JW)
[master] Worker [worker-5@hydra-sat] requested a task
[master] Task 113 → worker-5@hydra-sat  cube=[-27 -55 -111 -119 145 149 150]  timeout=1s
[master] Worker worker-2@hydra-sat TIMEOUT task 109: cube=[-27 -55 -111 119 -145 149 150] — splitting (JW)
[master] Worker [worker-2@hydra-sat] requested a task
[master] Task 114 → worker-2@hydra-sat  cube=[-27 -55 -111 -119 145 149 -150]  timeout=1s
[master] Worker worker-0@hydra-sat TIMEOUT task 110: cube=[-27 -55 -111 119 -145 149 -150] — splitting (JW)
[master] Worker [worker-0@hydra-sat] requested a task
[master] Task 115 → worker-0@hydra-sat  cube=[-27 -55 -111 -119 145 -149 150]  timeout=1s
[master] Worker worker-0@hydra-sat task 115: count=0  avg=0.0s  next_timeout=1s
[master] Worker [worker-0@hydra-sat] requested a task
[master] Task 116 → worker-0@hydra-sat  cube=[-27 -55 -111 -119 145 -149 -150]  timeout=1s
[master] Worker worker-7@hydra-sat TIMEOUT task 112: cube=[-27 -55 -111 119 -145 -149 -150] — splitting (JW)
[master] Worker [worker-7@hydra-sat] requested a task
[master] Task 117 → worker-7@hydra-sat  cube=[-27 -55 -111 -119 -145 149 150]  timeout=1s
[master] Worker worker-5@hydra-sat TIMEOUT task 113: cube=[-27 -55 -111 -119 145 149 150] — splitting (JW)
[master] Worker [worker-5@hydra-sat] requested a task
[master] Task 118 → worker-5@hydra-sat  cube=[-27 -55 -111 -119 -145 149 -150]  timeout=1s
[master] Worker worker-5@hydra-sat task 118: count=0  avg=0.0s  next_timeout=1s
[master] Worker [worker-5@hydra-sat] requested a task
[master] Task 119 → worker-5@hydra-sat  cube=[-27 -55 -111 -119 -145 -149 150]  timeout=1s
[master] Worker worker-7@hydra-sat task 117: count=0  avg=0.0s  next_timeout=1s
[master] Worker [worker-7@hydra-sat] requested a task
[master] Task 120 → worker-7@hydra-sat  cube=[-27 -55 -111 -119 -145 -149 -150]  timeout=1s
[master] Worker worker-5@hydra-sat task 119: count=0  avg=0.0s  next_timeout=1s
[master] Worker [worker-5@hydra-sat] requested a task
[master] Task 121 → worker-5@hydra-sat  cube=[27 -55 111 119 145 -149 -150 0]  timeout=1s
[master] Worker worker-5@hydra-sat task 121: count=0  avg=0.0s  next_timeout=1s
[master] Worker [worker-5@hydra-sat] requested a task
[master] Task 122 → worker-5@hydra-sat  cube=[27 -55 111 119 145 -149 -150 0]  timeout=1s
[master] Worker worker-5@hydra-sat task 122: count=0  avg=0.0s  next_timeout=1s
[master] Worker [worker-5@hydra-sat] requested a task
[master] Task 123 → worker-5@hydra-sat  cube=[27 -55 111 119 145 149 150 0]  timeout=1s
[master] Worker worker-5@hydra-sat task 123: count=0  avg=0.0s  next_timeout=1s
[master] Worker [worker-5@hydra-sat] requested a task
[master] Task 124 → worker-5@hydra-sat  cube=[27 -55 111 119 145 149 150 0]  timeout=1s
[master] Worker worker-5@hydra-sat task 124: count=0  avg=0.0s  next_timeout=1s
[master] Worker [worker-5@hydra-sat] requested a task
[master] Task 125 → worker-5@hydra-sat  cube=[27 -55 111 119 145 149 -150 0]  timeout=1s
[master] Worker worker-5@hydra-sat task 125: count=0  avg=0.0s  next_timeout=1s
[master] Worker [worker-5@hydra-sat] requested a task
[master] Task 126 → worker-5@hydra-sat  cube=[27 -55 111 119 145 149 -150 0]  timeout=1s
[master] Worker worker-5@hydra-sat task 126: count=0  avg=0.0s  next_timeout=1s
[master] Worker [worker-5@hydra-sat] requested a task
[master] Task 127 → worker-5@hydra-sat  cube=[-27 55 111 119 -145 149 150 0]  timeout=1s
[master] Worker worker-5@hydra-sat task 127: count=0  avg=0.0s  next_timeout=1s
[master] Worker [worker-5@hydra-sat] requested a task
[master] Task 128 → worker-5@hydra-sat  cube=[-27 55 111 119 -145 149 150 0]  timeout=1s
[master] Worker worker-5@hydra-sat task 128: count=0  avg=0.0s  next_timeout=1s
[master] Worker [worker-5@hydra-sat] requested a task
[master] Task 129 → worker-5@hydra-sat  cube=[-27 55 111 119 -145 -149 150 0]  timeout=1s
[master] Worker worker-5@hydra-sat task 129: count=0  avg=0.0s  next_timeout=1s
[master] Worker [worker-5@hydra-sat] requested a task
[master] Task 130 → worker-5@hydra-sat  cube=[-27 55 111 119 -145 -149 150 0]  timeout=1s
[master] Worker worker-5@hydra-sat task 130: count=0  avg=0.0s  next_timeout=1s
[master] Worker [worker-5@hydra-sat] requested a task
[master] Task 131 → worker-5@hydra-sat  cube=[-27 55 111 -119 -145 149 150 0]  timeout=1s
[master] Worker worker-5@hydra-sat task 131: count=0  avg=0.0s  next_timeout=1s
[master] Worker [worker-5@hydra-sat] requested a task
[master] Task 132 → worker-5@hydra-sat  cube=[-27 55 111 -119 -145 149 150 0]  timeout=1s
[master] Worker worker-5@hydra-sat task 132: count=0  avg=0.0s  next_timeout=1s
[master] Worker [worker-5@hydra-sat] requested a task
[master] Task 133 → worker-5@hydra-sat  cube=[-27 55 111 -119 -145 -149 150 0]  timeout=1s
[master] Worker worker-5@hydra-sat task 133: count=0  avg=0.0s  next_timeout=1s
[master] Worker [worker-5@hydra-sat] requested a task
[master] Task 134 → worker-5@hydra-sat  cube=[-27 55 111 -119 -145 -149 150 0]  timeout=1s
[master] Worker worker-5@hydra-sat task 134: count=0  avg=0.0s  next_timeout=1s
[master] Worker [worker-5@hydra-sat] requested a task
[master] Task 135 → worker-5@hydra-sat  cube=[-27 55 111 -119 -145 -149 -150 0]  timeout=1s
[master] Worker worker-5@hydra-sat task 135: count=0  avg=0.0s  next_timeout=1s
[master] Worker [worker-5@hydra-sat] requested a task
[master] Task 136 → worker-5@hydra-sat  cube=[-27 55 111 -119 -145 -149 -150 0]  timeout=1s
[master] Worker worker-5@hydra-sat task 136: count=0  avg=0.0s  next_timeout=1s
[master] Worker [worker-5@hydra-sat] requested a task
[master] Task 137 → worker-5@hydra-sat  cube=[-27 55 -111 119 -145 149 150 0]  timeout=1s
[master] Worker worker-5@hydra-sat task 137: count=0  avg=0.0s  next_timeout=1s
[master] Worker [worker-5@hydra-sat] requested a task
[master] Task 138 → worker-5@hydra-sat  cube=[-27 55 -111 119 -145 149 150 0]  timeout=1s
[master] Worker worker-5@hydra-sat task 138: count=0  avg=0.0s  next_timeout=1s
[master] Worker [worker-5@hydra-sat] requested a task
[master] Task 139 → worker-5@hydra-sat  cube=[-27 -55 111 119 145 149 150 0]  timeout=1s
[master] Worker worker-5@hydra-sat task 139: count=0  avg=0.0s  next_timeout=1s
[master] Worker [worker-5@hydra-sat] requested a task
[master] Task 140 → worker-5@hydra-sat  cube=[-27 -55 111 119 145 149 150 0]  timeout=1s
[master] Worker worker-5@hydra-sat task 140: count=0  avg=0.0s  next_timeout=1s
[master] Worker [worker-5@hydra-sat] requested a task
[master] Task 141 → worker-5@hydra-sat  cube=[-27 -55 111 119 145 149 -150 0]  timeout=1s
[master] Worker worker-5@hydra-sat task 141: count=0  avg=0.0s  next_timeout=1s
[master] Worker [worker-5@hydra-sat] requested a task
[master] Task 142 → worker-5@hydra-sat  cube=[-27 -55 111 119 145 149 -150 0]  timeout=1s
[master] Worker worker-5@hydra-sat task 142: count=0  avg=0.0s  next_timeout=1s
[master] Worker [worker-5@hydra-sat] requested a task
[master] Task 143 → worker-5@hydra-sat  cube=[-27 -55 111 119 145 -149 150 0]  timeout=1s
[master] Worker worker-5@hydra-sat task 143: count=0  avg=0.0s  next_timeout=1s
[master] Worker [worker-5@hydra-sat] requested a task
[master] Task 144 → worker-5@hydra-sat  cube=[-27 -55 111 119 145 -149 150 0]  timeout=1s
[master] Worker worker-5@hydra-sat task 144: count=0  avg=0.0s  next_timeout=1s
[master] Worker [worker-5@hydra-sat] requested a task
[master] Task 145 → worker-5@hydra-sat  cube=[-27 -55 111 119 145 -149 -150 0]  timeout=1s
[master] Worker worker-5@hydra-sat task 145: count=0  avg=0.0s  next_timeout=1s
[master] Worker [worker-5@hydra-sat] requested a task
[master] Task 146 → worker-5@hydra-sat  cube=[-27 -55 111 119 145 -149 -150 0]  timeout=1s
[master] Worker worker-5@hydra-sat task 146: count=0  avg=0.0s  next_timeout=1s
[master] Worker [worker-5@hydra-sat] requested a task
[master] Task 147 → worker-5@hydra-sat  cube=[-27 -55 111 119 -145 149 150 0]  timeout=1s
[master] Worker worker-5@hydra-sat task 147: count=0  avg=0.0s  next_timeout=1s
[master] Worker [worker-5@hydra-sat] requested a task
[master] Task 148 → worker-5@hydra-sat  cube=[-27 -55 111 119 -145 149 150 0]  timeout=1s
[master] Worker worker-5@hydra-sat task 148: count=0  avg=0.0s  next_timeout=1s
[master] Worker [worker-5@hydra-sat] requested a task
[master] Task 149 → worker-5@hydra-sat  cube=[-27 -55 111 119 -145 149 -150 0]  timeout=1s
[master] Worker worker-5@hydra-sat task 149: count=0  avg=0.0s  next_timeout=1s
[master] Worker [worker-5@hydra-sat] requested a task
[master] Task 150 → worker-5@hydra-sat  cube=[-27 -55 111 119 -145 149 -150 0]  timeout=1s
[master] Worker worker-5@hydra-sat task 150: count=0  avg=0.0s  next_timeout=1s
[master] Worker [worker-5@hydra-sat] requested a task
[master] Task 151 → worker-5@hydra-sat  cube=[-27 -55 111 119 -145 -149 150 0]  timeout=1s
[master] Worker worker-5@hydra-sat task 151: count=0  avg=0.0s  next_timeout=1s
[master] Worker [worker-5@hydra-sat] requested a task
[master] Task 152 → worker-5@hydra-sat  cube=[-27 -55 111 119 -145 -149 150 0]  timeout=1s
[master] Worker worker-2@hydra-sat TIMEOUT task 114: cube=[-27 -55 -111 -119 145 149 -150] — splitting (JW)
[master] Worker [worker-2@hydra-sat] requested a task
[master] Task 153 → worker-2@hydra-sat  cube=[-27 -55 111 -119 145 149 150 0]  timeout=1s
[master] Worker worker-2@hydra-sat task 153: count=0  avg=0.0s  next_timeout=1s
[master] Worker [worker-2@hydra-sat] requested a task
[master] Task 154 → worker-2@hydra-sat  cube=[-27 -55 111 -119 145 149 150 0]  timeout=1s
[master] Worker worker-2@hydra-sat task 154: count=0  avg=0.0s  next_timeout=1s
[master] Worker [worker-2@hydra-sat] requested a task
[master] Task 155 → worker-2@hydra-sat  cube=[-27 -55 111 -119 145 149 -150 0]  timeout=1s
[master] Worker worker-2@hydra-sat task 155: count=0  avg=0.0s  next_timeout=1s
[master] Worker [worker-2@hydra-sat] requested a task
[master] Task 156 → worker-2@hydra-sat  cube=[-27 -55 111 -119 145 149 -150 0]  timeout=1s
[master] Worker worker-5@hydra-sat task 152: count=0  avg=0.0s  next_timeout=1s
[master] Worker [worker-5@hydra-sat] requested a task
[master] Task 157 → worker-5@hydra-sat  cube=[-27 -55 111 -119 145 -149 150 0]  timeout=1s
[master] Worker worker-2@hydra-sat task 156: count=0  avg=0.0s  next_timeout=1s
[master] Worker [worker-2@hydra-sat] requested a task
[master] Task 158 → worker-2@hydra-sat  cube=[-27 -55 111 -119 145 -149 150 0]  timeout=1s
[master] Worker worker-5@hydra-sat task 157: count=0  avg=0.0s  next_timeout=1s
[master] Worker worker-2@hydra-sat task 158: count=0  avg=0.0s  next_timeout=1s
[master] Worker [worker-2@hydra-sat] requested a task
[master] Task 159 → worker-2@hydra-sat  cube=[-27 -55 111 -119 145 -149 -150 0]  timeout=1s
[master] Worker [worker-5@hydra-sat] requested a task
[master] Task 160 → worker-5@hydra-sat  cube=[-27 -55 111 -119 145 -149 -150 0]  timeout=1s
[master] Worker worker-2@hydra-sat task 159: count=0  avg=0.0s  next_timeout=1s
[master] Worker [worker-2@hydra-sat] requested a task
[master] Task 161 → worker-2@hydra-sat  cube=[-27 -55 111 -119 -145 149 150 0]  timeout=1s
[master] Worker worker-5@hydra-sat task 160: count=0  avg=0.0s  next_timeout=1s
[master] Worker [worker-5@hydra-sat] requested a task
[master] Task 162 → worker-5@hydra-sat  cube=[-27 -55 111 -119 -145 149 150 0]  timeout=1s
[master] Worker worker-2@hydra-sat task 161: count=0  avg=0.0s  next_timeout=1s
[master] Worker [worker-2@hydra-sat] requested a task
[master] Task 163 → worker-2@hydra-sat  cube=[-27 -55 111 -119 -145 149 -150 0]  timeout=1s
[master] Worker worker-5@hydra-sat task 162: count=0  avg=0.0s  next_timeout=1s
[master] Worker [worker-5@hydra-sat] requested a task
[master] Task 164 → worker-5@hydra-sat  cube=[-27 -55 111 -119 -145 149 -150 0]  timeout=1s
[master] Worker worker-2@hydra-sat task 163: count=0  avg=0.0s  next_timeout=1s
[master] Worker [worker-2@hydra-sat] requested a task
[master] Task 165 → worker-2@hydra-sat  cube=[-27 -55 111 -119 -145 -149 150 0]  timeout=1s
[master] Worker worker-5@hydra-sat task 164: count=0  avg=0.0s  next_timeout=1s
[master] Worker [worker-5@hydra-sat] requested a task
[master] Task 166 → worker-5@hydra-sat  cube=[-27 -55 111 -119 -145 -149 150 0]  timeout=1s
[master] Worker worker-2@hydra-sat task 165: count=0  avg=0.0s  next_timeout=1s
[master] Worker [worker-2@hydra-sat] requested a task
[master] Task 167 → worker-2@hydra-sat  cube=[-27 -55 111 -119 -145 -149 -150 0]  timeout=1s
[master] Worker worker-5@hydra-sat task 166: count=0  avg=0.0s  next_timeout=1s
[master] Worker [worker-5@hydra-sat] requested a task
[master] Task 168 → worker-5@hydra-sat  cube=[-27 -55 111 -119 -145 -149 -150 0]  timeout=1s
[master] Worker worker-2@hydra-sat task 167: count=0  avg=0.0s  next_timeout=1s
[master] Worker [worker-2@hydra-sat] requested a task
[master] Task 169 → worker-2@hydra-sat  cube=[-27 -55 -111 119 145 149 150 0]  timeout=1s
[master] Worker worker-5@hydra-sat task 168: count=0  avg=0.0s  next_timeout=1s
[master] Worker [worker-5@hydra-sat] requested a task
[master] Task 170 → worker-5@hydra-sat  cube=[-27 -55 -111 119 145 149 150 0]  timeout=1s
[master] Worker worker-2@hydra-sat task 169: count=0  avg=0.0s  next_timeout=1s
[master] Worker [worker-2@hydra-sat] requested a task
[master] Task 171 → worker-2@hydra-sat  cube=[-27 -55 -111 119 145 149 -150 0]  timeout=1s
[master] Worker worker-5@hydra-sat task 170: count=0  avg=0.0s  next_timeout=1s
[master] Worker [worker-5@hydra-sat] requested a task
[master] Task 172 → worker-5@hydra-sat  cube=[-27 -55 -111 119 145 149 -150 0]  timeout=1s
[master] Worker worker-2@hydra-sat task 171: count=0  avg=0.0s  next_timeout=1s
[master] Worker [worker-2@hydra-sat] requested a task
[master] Task 173 → worker-2@hydra-sat  cube=[-27 -55 -111 119 -145 149 150 0]  timeout=1s
[master] Worker worker-5@hydra-sat task 172: count=0  avg=0.0s  next_timeout=1s
[master] Worker [worker-5@hydra-sat] requested a task
[master] Task 174 → worker-5@hydra-sat  cube=[-27 -55 -111 119 -145 149 150 0]  timeout=1s
[master] Worker worker-2@hydra-sat task 173: count=0  avg=0.0s  next_timeout=1s
[master] Worker [worker-2@hydra-sat] requested a task
[master] Task 175 → worker-2@hydra-sat  cube=[-27 -55 -111 119 -145 149 -150 0]  timeout=1s
[master] Worker worker-5@hydra-sat task 174: count=0  avg=0.0s  next_timeout=1s
[master] Worker [worker-5@hydra-sat] requested a task
[master] Task 176 → worker-5@hydra-sat  cube=[-27 -55 -111 119 -145 149 -150 0]  timeout=1s
[master] Worker worker-2@hydra-sat task 175: count=0  avg=0.0s  next_timeout=1s
[master] Worker [worker-2@hydra-sat] requested a task
[master] Task 177 → worker-2@hydra-sat  cube=[-27 -55 -111 119 -145 -149 -150 0]  timeout=1s
[master] Worker worker-5@hydra-sat task 176: count=0  avg=0.0s  next_timeout=1s
[master] Worker [worker-5@hydra-sat] requested a task
[master] Task 178 → worker-5@hydra-sat  cube=[-27 -55 -111 119 -145 -149 -150 0]  timeout=1s
[master] Worker worker-2@hydra-sat task 177: count=0  avg=0.0s  next_timeout=1s
[master] Worker [worker-2@hydra-sat] requested a task
[master] Task 179 → worker-2@hydra-sat  cube=[-27 -55 -111 -119 145 149 150 0]  timeout=1s
[master] Worker worker-5@hydra-sat task 178: count=0  avg=0.0s  next_timeout=1s
[master] Worker [worker-5@hydra-sat] requested a task
[master] Task 180 → worker-5@hydra-sat  cube=[-27 -55 -111 -119 145 149 150 0]  timeout=1s
[master] Worker worker-2@hydra-sat task 179: count=0  avg=0.0s  next_timeout=1s
[master] Worker [worker-2@hydra-sat] requested a task
[master] Task 181 → worker-2@hydra-sat  cube=[-27 -55 -111 -119 145 149 -150 0]  timeout=1s
[master] Worker worker-5@hydra-sat task 180: count=0  avg=0.0s  next_timeout=1s
[master] Worker [worker-5@hydra-sat] requested a task
[master] Task 182 → worker-5@hydra-sat  cube=[-27 -55 -111 -119 145 149 -150 0]  timeout=1s
[master] Worker worker-2@hydra-sat task 181: count=0  avg=0.0s  next_timeout=1s
[master] Worker [worker-2@hydra-sat] requested a task
[master] Worker worker-5@hydra-sat task 182: count=0  avg=0.0s  next_timeout=1s
[master] Worker [worker-5@hydra-sat] requested a task
[master] Worker worker-0@hydra-sat TIMEOUT task 116: cube=[-27 -55 -111 -119 145 -149 -150] — splitting (JW)
[master] Task 184 → worker-5@hydra-sat  cube=[-27 -55 -111 -119 145 -149 -150 0]  timeout=1s
[master] Task 183 → worker-2@hydra-sat  cube=[-27 -55 -111 -119 145 -149 -150 0]  timeout=1s
[master] Worker [worker-0@hydra-sat] requested a task
[master] Worker worker-2@hydra-sat task 183: count=0  avg=0.0s  next_timeout=1s
[master] Worker [worker-2@hydra-sat] requested a task
[master] Worker worker-5@hydra-sat task 184: count=0  avg=0.0s  next_timeout=1s
[master] Worker [worker-5@hydra-sat] requested a task
[master] Worker worker-7@hydra-sat TIMEOUT task 120: cube=[-27 -55 -111 -119 -145 -149 -150] — splitting (JW)
[master] Task 185 → worker-0@hydra-sat  cube=[-27 -55 -111 -119 -145 -149 -150 0]  timeout=1s
[master] Task 186 → worker-2@hydra-sat  cube=[-27 -55 -111 -119 -145 -149 -150 0]  timeout=1s
[master] Worker [worker-7@hydra-sat] requested a task
[master] Worker worker-2@hydra-sat task 186: count=0  avg=0.0s  next_timeout=1s
[master] Worker worker-0@hydra-sat task 185: count=0  avg=0.0s  next_timeout=1s
[master] cnf_instances/rand3sat_150v_630c.cnf done in 20.1s — holding 3s for TUI…
[logger] failed to open log: open results/benchmark.csv: permission denied
[master] Worker [worker-2@hydra-sat] requested a task
[master] Worker [worker-0@hydra-sat] requested a task
[master] Worker [worker-3@hydra-sat] requested a task
[master] Worker [worker-6@hydra-sat] requested a task
[master] Worker [worker-4@hydra-sat] requested a task
[master] Worker [worker-1@hydra-sat] requested a task
=======================================
SOLVING COMPLETE
  File:        cnf_instances/rand3sat_150v_630c.cnf
  Model Count: 0
=======================================

[7/22] Loading CNF: cnf_instances/rand3sat_160v_480c.cnf
  160 vars, 480 clauses
[master] Solving cnf_instances/rand3sat_160v_480c.cnf  (64 initial cubes)
[master] Worker [worker-5@hydra-sat] requested a task
[master] Task 1 → worker-5@hydra-sat  cube=[46 52 152 155 156 160]  timeout=2147483647s
[master] Worker [worker-7@hydra-sat] requested a task
[master] Task 2 → worker-7@hydra-sat  cube=[46 52 152 155 156 -160]  timeout=2147483647s
[master] Worker [worker-2@hydra-sat] requested a task
[master] Task 3 → worker-2@hydra-sat  cube=[46 52 152 155 -156 160]  timeout=2147483647s
[master] Worker [worker-0@hydra-sat] requested a task
[master] Task 4 → worker-0@hydra-sat  cube=[46 52 152 155 -156 -160]  timeout=2147483647s
[master] Worker worker-5@hydra-sat task 1: count=30629976195771649  avg=60.2s  next_timeout=121s
[master] Worker [worker-5@hydra-sat] requested a task
[master] Task 5 → worker-5@hydra-sat  cube=[46 52 152 -155 156 160]  timeout=121s
[master] Worker worker-5@hydra-sat TIMEOUT task 5: cube=[46 52 152 -155 156 160] — splitting (JW)
[master] Worker [worker-5@hydra-sat] requested a task
[master] Task 6 → worker-5@hydra-sat  cube=[46 52 152 -155 156 -160]  timeout=121s
[master] Worker worker-2@hydra-sat task 3: count=196320449436748567  avg=127.2s  next_timeout=255s
[master] Worker [worker-2@hydra-sat] requested a task
[master] Task 7 → worker-2@hydra-sat  cube=[46 52 152 -155 -156 160]  timeout=255s
[master] Worker worker-5@hydra-sat TIMEOUT task 6: cube=[46 52 152 -155 156 -160] — splitting (JW)
[master] Worker [worker-5@hydra-sat] requested a task
[master] Task 8 → worker-5@hydra-sat  cube=[46 52 152 -155 -156 -160]  timeout=255s
[master] Worker worker-7@hydra-sat task 2: count=75426130545468956  avg=194.5s  next_timeout=390s
[master] Worker [worker-7@hydra-sat] requested a task
[master] Task 9 → worker-7@hydra-sat  cube=[46 52 -152 155 156 160]  timeout=390s
[master] Worker worker-2@hydra-sat TIMEOUT task 7: cube=[46 52 152 -155 -156 160] — splitting (JW)
[master] Worker [worker-2@hydra-sat] requested a task
[master] Task 10 → worker-2@hydra-sat  cube=[46 52 -152 155 156 -160]  timeout=390s
[master] Worker worker-5@hydra-sat TIMEOUT task 8: cube=[46 52 152 -155 -156 -160] — splitting (JW)
[master] Worker [worker-5@hydra-sat] requested a task
[master] Task 11 → worker-5@hydra-sat  cube=[46 52 -152 155 -156 160]  timeout=390s
[master] Worker worker-7@hydra-sat TIMEOUT task 9: cube=[46 52 -152 155 156 160] — splitting (JW)
[master] Worker [worker-7@hydra-sat] requested a task
[master] Task 12 → worker-7@hydra-sat  cube=[46 52 -152 155 -156 -160]  timeout=390s
[master] Worker worker-2@hydra-sat TIMEOUT task 10: cube=[46 52 -152 155 156 -160] — splitting (JW)
[master] Worker [worker-2@hydra-sat] requested a task
[master] Task 13 → worker-2@hydra-sat  cube=[46 52 -152 -155 156 160]  timeout=390s
[master] Worker worker-5@hydra-sat TIMEOUT task 11: cube=[46 52 -152 155 -156 160] — splitting (JW)
[master] Worker [worker-5@hydra-sat] requested a task
[master] Task 14 → worker-5@hydra-sat  cube=[46 52 -152 -155 156 -160]  timeout=390s
[master] Worker worker-7@hydra-sat TIMEOUT task 12: cube=[46 52 -152 155 -156 -160] — splitting (JW)
[master] Worker [worker-7@hydra-sat] requested a task
[master] Task 15 → worker-7@hydra-sat  cube=[46 52 -152 -155 -156 160]  timeout=390s
[master] Worker worker-2@hydra-sat TIMEOUT task 13: cube=[46 52 -152 -155 156 160] — splitting (JW)
[master] Worker [worker-2@hydra-sat] requested a task
[master] Task 16 → worker-2@hydra-sat  cube=[46 52 -152 -155 -156 -160]  timeout=390s
[master] Worker worker-5@hydra-sat TIMEOUT task 14: cube=[46 52 -152 -155 156 -160] — splitting (JW)
[master] Worker [worker-5@hydra-sat] requested a task
[master] Task 17 → worker-5@hydra-sat  cube=[46 -52 152 155 156 160]  timeout=390s
[master] Worker worker-7@hydra-sat TIMEOUT task 15: cube=[46 52 -152 -155 -156 160] — splitting (JW)
[master] Worker [worker-7@hydra-sat] requested a task
[master] Task 18 → worker-7@hydra-sat  cube=[46 -52 152 155 156 -160]  timeout=390s
[master] Worker worker-2@hydra-sat TIMEOUT task 16: cube=[46 52 -152 -155 -156 -160] — splitting (JW)
[master] Worker [worker-2@hydra-sat] requested a task
[master] Task 19 → worker-2@hydra-sat  cube=[46 -52 152 155 -156 160]  timeout=390s
[master] Worker worker-5@hydra-sat task 17: count=57771226406250813  avg=229.0s  next_timeout=459s
[master] Worker [worker-5@hydra-sat] requested a task
[master] Task 20 → worker-5@hydra-sat  cube=[46 -52 152 155 -156 -160]  timeout=459s
[master] Worker worker-0@hydra-sat TIMEOUT task 4: cube=[46 52 152 155 -156 -160] — splitting (JW)
[master] Worker [worker-0@hydra-sat] requested a task
[master] Task 21 → worker-0@hydra-sat  cube=[46 -52 152 -155 156 160]  timeout=459s
[master] Worker worker-7@hydra-sat TIMEOUT task 18: cube=[46 -52 152 155 156 -160] — splitting (JW)
[master] Worker [worker-7@hydra-sat] requested a task
[master] Task 22 → worker-7@hydra-sat  cube=[46 -52 152 -155 156 -160]  timeout=459s
[master] Worker worker-2@hydra-sat TIMEOUT task 19: cube=[46 -52 152 155 -156 160] — splitting (JW)
[master] Worker [worker-2@hydra-sat] requested a task
[master] Task 23 → worker-2@hydra-sat  cube=[46 -52 152 -155 -156 160]  timeout=459s
[master] Worker worker-5@hydra-sat TIMEOUT task 20: cube=[46 -52 152 155 -156 -160] — splitting (JW)
[master] Worker [worker-3@hydra-sat] requested a task
[master] Task 24 → worker-3@hydra-sat  cube=[46 -52 152 -155 -156 -160]  timeout=459s
[master] Worker worker-0@hydra-sat TIMEOUT task 21: cube=[46 -52 152 -155 156 160] — splitting (JW)
[master] Worker [worker-0@hydra-sat] requested a task
[master] Task 25 → worker-0@hydra-sat  cube=[46 -52 -152 155 156 160]  timeout=459s
[master] Worker worker-7@hydra-sat TIMEOUT task 22: cube=[46 -52 152 -155 156 -160] — splitting (JW)
[master] Worker [worker-7@hydra-sat] requested a task
[master] Task 26 → worker-7@hydra-sat  cube=[46 -52 -152 155 156 -160]  timeout=459s
[master] Worker worker-2@hydra-sat TIMEOUT task 23: cube=[46 -52 152 -155 -156 160] — splitting (JW)
[master] Worker [worker-2@hydra-sat] requested a task
[master] Task 27 → worker-2@hydra-sat  cube=[46 -52 -152 155 -156 160]  timeout=459s
[master] Worker worker-3@hydra-sat TIMEOUT task 24: cube=[46 -52 152 -155 -156 -160] — splitting (JW)
[master] Worker [worker-3@hydra-sat] requested a task
[master] Task 28 → worker-3@hydra-sat  cube=[46 -52 -152 155 -156 -160]  timeout=459s
[master] Worker worker-0@hydra-sat TIMEOUT task 25: cube=[46 -52 -152 155 156 160] — splitting (JW)
[master] Worker [worker-0@hydra-sat] requested a task
[master] Task 29 → worker-0@hydra-sat  cube=[46 -52 -152 -155 156 160]  timeout=459s
[master] Worker worker-7@hydra-sat TIMEOUT task 26: cube=[46 -52 -152 155 156 -160] — splitting (JW)
[master] Worker [worker-7@hydra-sat] requested a task
[master] Task 30 → worker-7@hydra-sat  cube=[46 -52 -152 -155 156 -160]  timeout=459s
[master] Worker worker-2@hydra-sat TIMEOUT task 27: cube=[46 -52 -152 155 -156 160] — splitting (JW)
[master] Worker [worker-2@hydra-sat] requested a task
[master] Task 31 → worker-2@hydra-sat  cube=[46 -52 -152 -155 -156 160]  timeout=459s
[master] Worker worker-3@hydra-sat TIMEOUT task 28: cube=[46 -52 -152 155 -156 -160] — splitting (JW)
[master] Worker [worker-3@hydra-sat] requested a task
[master] Task 32 → worker-3@hydra-sat  cube=[46 -52 -152 -155 -156 -160]  timeout=459s
[master] Worker worker-0@hydra-sat TIMEOUT task 29: cube=[46 -52 -152 -155 156 160] — splitting (JW)
[master] Worker [worker-0@hydra-sat] requested a task
[master] Task 33 → worker-0@hydra-sat  cube=[-46 52 152 155 156 160]  timeout=459s
[master] Worker worker-0@hydra-sat task 33: count=560494205922610  avg=185.2s  next_timeout=371s
[master] Worker [worker-0@hydra-sat] requested a task
[master] Task 34 → worker-0@hydra-sat  cube=[-46 52 152 155 156 -160]  timeout=371s
[master] Worker worker-0@hydra-sat task 34: count=3181337299834060  avg=160.3s  next_timeout=321s
[master] Worker [worker-0@hydra-sat] requested a task
[master] Task 35 → worker-0@hydra-sat  cube=[-46 52 152 155 -156 160]  timeout=321s
[master] Worker worker-0@hydra-sat task 35: count=5079634808795996  avg=145.9s  next_timeout=292s
[master] Worker [worker-0@hydra-sat] requested a task
[master] Task 36 → worker-0@hydra-sat  cube=[-46 52 152 155 -156 -160]  timeout=292s
[master] Worker worker-7@hydra-sat TIMEOUT task 30: cube=[46 -52 -152 -155 156 -160] — splitting (JW)
[master] Worker [worker-7@hydra-sat] requested a task
[master] Task 37 → worker-7@hydra-sat  cube=[-46 52 152 -155 156 160]  timeout=292s
[master] Worker worker-7@hydra-sat task 37: count=1977066719699568  avg=128.8s  next_timeout=258s
[master] Worker [worker-7@hydra-sat] requested a task
[master] Task 38 → worker-7@hydra-sat  cube=[-46 52 152 -155 156 -160]  timeout=258s
[master] Worker worker-7@hydra-sat task 38: count=5395819360559456  avg=116.4s  next_timeout=233s
[master] Worker [worker-7@hydra-sat] requested a task
[master] Task 39 → worker-7@hydra-sat  cube=[-46 52 152 -155 -156 160]  timeout=233s
[master] Worker worker-2@hydra-sat TIMEOUT task 31: cube=[46 -52 -152 -155 -156 160] — splitting (JW)
[master] Worker [worker-2@hydra-sat] requested a task
[master] Task 40 → worker-2@hydra-sat  cube=[-46 52 152 -155 -156 -160]  timeout=233s
[master] Worker worker-7@hydra-sat task 39: count=10262134959568329  avg=109.1s  next_timeout=219s
[master] Worker [worker-7@hydra-sat] requested a task
[master] Task 41 → worker-7@hydra-sat  cube=[-46 52 -152 155 156 160]  timeout=219s
[master] Worker worker-7@hydra-sat task 41: count=21315478591861065  avg=102.5s  next_timeout=205s
[master] Worker [worker-7@hydra-sat] requested a task
[master] Task 42 → worker-7@hydra-sat  cube=[-46 52 -152 155 156 -160]  timeout=205s
[master] Worker worker-3@hydra-sat TIMEOUT task 32: cube=[46 -52 -152 -155 -156 -160] — splitting (JW)
[master] Worker [worker-3@hydra-sat] requested a task
[master] Task 43 → worker-3@hydra-sat  cube=[-46 52 -152 155 -156 160]  timeout=205s
[master] Worker worker-2@hydra-sat task 40: count=27646111348623259  avg=105.4s  next_timeout=211s
[master] Worker [worker-2@hydra-sat] requested a task
[master] Task 44 → worker-2@hydra-sat  cube=[-46 52 -152 155 -156 -160]  timeout=211s
[master] Worker worker-3@hydra-sat task 43: count=37840843996034618  avg=104.9s  next_timeout=210s
[master] Worker [worker-3@hydra-sat] requested a task
[master] Task 45 → worker-3@hydra-sat  cube=[-46 52 -152 -155 156 160]  timeout=210s
[master] Worker worker-0@hydra-sat task 36: count=17110641473796841  avg=114.1s  next_timeout=229s
[master] Worker [worker-0@hydra-sat] requested a task
[master] Task 46 → worker-0@hydra-sat  cube=[-46 52 -152 -155 156 -160]  timeout=229s
[master] Worker worker-3@hydra-sat task 45: count=2987001826530160  avg=108.8s  next_timeout=218s
[master] Worker [worker-3@hydra-sat] requested a task
[master] Task 47 → worker-3@hydra-sat  cube=[-46 52 -152 -155 -156 160]  timeout=218s
[master] Worker worker-7@hydra-sat task 42: count=55170796641347900  avg=112.4s  next_timeout=225s
[master] Worker [worker-7@hydra-sat] requested a task
[master] Task 48 → worker-7@hydra-sat  cube=[-46 52 -152 -155 -156 -160]  timeout=225s
[master] Worker worker-0@hydra-sat task 46: count=9165017539640717  avg=108.3s  next_timeout=217s
[master] Worker [worker-0@hydra-sat] requested a task
[master] Task 49 → worker-0@hydra-sat  cube=[-46 -52 152 155 156 160]  timeout=217s
[master] Worker worker-3@hydra-sat task 47: count=18829408994424621  avg=105.7s  next_timeout=212s
[master] Worker [worker-3@hydra-sat] requested a task
[master] Task 50 → worker-3@hydra-sat  cube=[-46 -52 152 155 156 -160]  timeout=212s
[master] Worker worker-2@hydra-sat TIMEOUT task 44: cube=[-46 52 -152 155 -156 -160] — splitting (JW)
[master] Worker [worker-2@hydra-sat] requested a task
[master] Task 51 → worker-2@hydra-sat  cube=[-46 -52 152 155 -156 160]  timeout=212s
[master] Worker worker-0@hydra-sat task 49: count=23101238918509650  avg=108.1s  next_timeout=217s
[master] Worker [worker-0@hydra-sat] requested a task
[master] Task 52 → worker-0@hydra-sat  cube=[-46 -52 152 155 -156 -160]  timeout=217s
[master] Worker worker-3@hydra-sat task 50: count=47554382778933948  avg=111.2s  next_timeout=223s
[master] Worker [worker-3@hydra-sat] requested a task
[master] Task 53 → worker-3@hydra-sat  cube=[-46 -52 152 -155 156 160]  timeout=223s
[master] Worker worker-7@hydra-sat TIMEOUT task 48: cube=[-46 52 -152 -155 -156 -160] — splitting (JW)
[master] Worker [worker-7@hydra-sat] requested a task
[master] Task 54 → worker-7@hydra-sat  cube=[-46 -52 152 -155 156 -160]  timeout=223s
[master] Worker worker-2@hydra-sat task 51: count=25385787756974001  avg=112.9s  next_timeout=226s
[master] Worker [worker-2@hydra-sat] requested a task
[master] Task 55 → worker-2@hydra-sat  cube=[-46 -52 152 -155 -156 160]  timeout=226s
[master] Worker worker-0@hydra-sat task 52: count=28164597993528749  avg=113.9s  next_timeout=228s
[master] Worker [worker-0@hydra-sat] requested a task
[master] Task 56 → worker-0@hydra-sat  cube=[-46 -52 152 -155 -156 -160]  timeout=228s
[master] Worker worker-3@hydra-sat task 53: count=59542102816965534  avg=113.0s  next_timeout=226s
[master] Worker [worker-3@hydra-sat] requested a task
[master] Task 57 → worker-3@hydra-sat  cube=[-46 -52 -152 155 156 160]  timeout=226s
[master] Worker worker-2@hydra-sat task 55: count=32899953875903575  avg=112.5s  next_timeout=226s
[master] Worker [worker-2@hydra-sat] requested a task
[master] Task 58 → worker-2@hydra-sat  cube=[-46 -52 -152 155 156 -160]  timeout=226s
[master] Worker worker-7@hydra-sat TIMEOUT task 54: cube=[-46 -52 152 -155 156 -160] — splitting (JW)
[master] Worker [worker-7@hydra-sat] requested a task
[master] Task 59 → worker-7@hydra-sat  cube=[-46 -52 -152 155 -156 160]  timeout=226s
[master] Worker worker-0@hydra-sat TIMEOUT task 56: cube=[-46 -52 152 -155 -156 -160] — splitting (JW)
[master] Worker [worker-0@hydra-sat] requested a task
[master] Task 60 → worker-0@hydra-sat  cube=[-46 -52 -152 155 -156 -160]  timeout=226s
[master] Worker worker-3@hydra-sat TIMEOUT task 57: cube=[-46 -52 -152 155 156 160] — splitting (JW)
[master] Worker [worker-3@hydra-sat] requested a task
[master] Task 61 → worker-3@hydra-sat  cube=[-46 -52 -152 -155 156 160]  timeout=226s
[master] Worker worker-2@hydra-sat TIMEOUT task 58: cube=[-46 -52 -152 155 156 -160] — splitting (JW)
[master] Worker [worker-2@hydra-sat] requested a task
[master] Task 62 → worker-2@hydra-sat  cube=[-46 -52 -152 -155 156 -160]  timeout=226s
[master] Worker worker-7@hydra-sat task 59: count=121019170684509361  avg=116.3s  next_timeout=233s
[master] Worker [worker-7@hydra-sat] requested a task
[master] Task 63 → worker-7@hydra-sat  cube=[-46 -52 -152 -155 -156 160]  timeout=233s
[master] Worker worker-3@hydra-sat task 61: count=130888152196009910  avg=117.4s  next_timeout=235s
[master] Worker [worker-3@hydra-sat] requested a task
[master] Task 64 → worker-3@hydra-sat  cube=[-46 -52 -152 -155 -156 -160]  timeout=235s
[master] Worker worker-0@hydra-sat TIMEOUT task 60: cube=[-46 -52 -152 155 -156 -160] — splitting (JW)
[master] Worker [worker-0@hydra-sat] requested a task
[master] Task 65 → worker-0@hydra-sat  cube=[46 52 152 -155 156 160 0]  timeout=235s
[master] Worker worker-0@hydra-sat task 65: count=0  avg=113.1s  next_timeout=227s
[master] Worker [worker-0@hydra-sat] requested a task
[master] Task 66 → worker-0@hydra-sat  cube=[46 52 152 -155 156 160 0]  timeout=227s
[master] Worker worker-0@hydra-sat task 66: count=0  avg=109.1s  next_timeout=219s
[master] Worker [worker-0@hydra-sat] requested a task
[master] Task 67 → worker-0@hydra-sat  cube=[46 52 152 -155 156 -160 0]  timeout=219s
[master] Worker worker-0@hydra-sat task 67: count=0  avg=105.3s  next_timeout=211s
[master] Worker [worker-0@hydra-sat] requested a task
[master] Task 68 → worker-0@hydra-sat  cube=[46 52 152 -155 156 -160 0]  timeout=211s
[master] Worker worker-0@hydra-sat task 68: count=0  avg=101.8s  next_timeout=204s
[master] Worker [worker-0@hydra-sat] requested a task
[master] Task 69 → worker-0@hydra-sat  cube=[46 52 152 -155 -156 160 0]  timeout=204s
[master] Worker worker-0@hydra-sat task 69: count=0  avg=98.5s  next_timeout=198s
[master] Worker [worker-0@hydra-sat] requested a task
[master] Task 70 → worker-0@hydra-sat  cube=[46 52 152 -155 -156 160 0]  timeout=198s
[master] Worker worker-0@hydra-sat task 70: count=0  avg=95.4s  next_timeout=191s
[master] Worker [worker-0@hydra-sat] requested a task
[master] Task 71 → worker-0@hydra-sat  cube=[46 52 152 -155 -156 -160 0]  timeout=191s
[master] Worker worker-0@hydra-sat task 71: count=0  avg=92.5s  next_timeout=186s
[master] Worker [worker-0@hydra-sat] requested a task
[master] Task 72 → worker-0@hydra-sat  cube=[46 52 152 -155 -156 -160 0]  timeout=186s
[master] Worker worker-0@hydra-sat task 72: count=0  avg=89.8s  next_timeout=180s
[master] Worker [worker-0@hydra-sat] requested a task
[master] Task 73 → worker-0@hydra-sat  cube=[46 52 -152 155 156 160 0]  timeout=180s
[master] Worker worker-0@hydra-sat task 73: count=0  avg=87.2s  next_timeout=175s
[master] Worker [worker-0@hydra-sat] requested a task
[master] Task 74 → worker-0@hydra-sat  cube=[46 52 -152 155 156 160 0]  timeout=175s
[master] Worker worker-0@hydra-sat task 74: count=0  avg=84.8s  next_timeout=170s
[master] Worker [worker-0@hydra-sat] requested a task
[master] Task 75 → worker-0@hydra-sat  cube=[46 52 -152 155 156 -160 0]  timeout=170s
[master] Worker worker-0@hydra-sat task 75: count=0  avg=82.5s  next_timeout=166s
[master] Worker [worker-0@hydra-sat] requested a task
[master] Task 76 → worker-0@hydra-sat  cube=[46 52 -152 155 156 -160 0]  timeout=166s
[master] Worker worker-0@hydra-sat task 76: count=0  avg=80.4s  next_timeout=161s
[master] Worker [worker-0@hydra-sat] requested a task
[master] Task 77 → worker-0@hydra-sat  cube=[46 52 -152 155 -156 160 0]  timeout=161s
[master] Worker worker-0@hydra-sat task 77: count=0  avg=78.3s  next_timeout=157s
[master] Worker [worker-0@hydra-sat] requested a task
[master] Task 78 → worker-0@hydra-sat  cube=[46 52 -152 155 -156 160 0]  timeout=157s
[master] Worker worker-0@hydra-sat task 78: count=0  avg=76.3s  next_timeout=153s
[master] Worker [worker-0@hydra-sat] requested a task
[master] Task 79 → worker-0@hydra-sat  cube=[46 52 -152 155 -156 -160 0]  timeout=153s
[master] Worker worker-0@hydra-sat task 79: count=0  avg=74.5s  next_timeout=149s
[master] Worker [worker-0@hydra-sat] requested a task
[master] Task 80 → worker-0@hydra-sat  cube=[46 52 -152 155 -156 -160 0]  timeout=149s
[master] Worker worker-0@hydra-sat task 80: count=0  avg=72.7s  next_timeout=146s
[master] Worker [worker-0@hydra-sat] requested a task
[master] Task 81 → worker-0@hydra-sat  cube=[46 52 -152 -155 156 160 0]  timeout=146s
[master] Worker worker-0@hydra-sat task 81: count=0  avg=71.0s  next_timeout=143s
[master] Worker [worker-0@hydra-sat] requested a task
[master] Task 82 → worker-0@hydra-sat  cube=[46 52 -152 -155 156 160 0]  timeout=143s
[master] Worker worker-0@hydra-sat task 82: count=0  avg=69.4s  next_timeout=139s
[master] Worker [worker-0@hydra-sat] requested a task
[master] Task 83 → worker-0@hydra-sat  cube=[46 52 -152 -155 156 -160 0]  timeout=139s
[master] Worker worker-0@hydra-sat task 83: count=0  avg=67.9s  next_timeout=136s
[master] Worker [worker-0@hydra-sat] requested a task
[master] Task 84 → worker-0@hydra-sat  cube=[46 52 -152 -155 156 -160 0]  timeout=136s
[master] Worker worker-0@hydra-sat task 84: count=0  avg=66.4s  next_timeout=133s
[master] Worker [worker-0@hydra-sat] requested a task
[master] Task 85 → worker-0@hydra-sat  cube=[46 52 -152 -155 -156 160 0]  timeout=133s
[master] Worker worker-0@hydra-sat task 85: count=0  avg=65.0s  next_timeout=130s
[master] Worker [worker-0@hydra-sat] requested a task
[master] Task 86 → worker-0@hydra-sat  cube=[46 52 -152 -155 -156 160 0]  timeout=130s
[master] Worker worker-0@hydra-sat task 86: count=0  avg=63.6s  next_timeout=128s
[master] Worker [worker-0@hydra-sat] requested a task
[master] Task 87 → worker-0@hydra-sat  cube=[46 52 -152 -155 -156 -160 0]  timeout=128s
[master] Worker worker-0@hydra-sat task 87: count=0  avg=62.3s  next_timeout=125s
[master] Worker [worker-0@hydra-sat] requested a task
[master] Task 88 → worker-0@hydra-sat  cube=[46 52 -152 -155 -156 -160 0]  timeout=125s
[master] Worker worker-0@hydra-sat task 88: count=0  avg=61.1s  next_timeout=123s
[master] Worker [worker-0@hydra-sat] requested a task
[master] Task 89 → worker-0@hydra-sat  cube=[46 52 152 155 -156 -160 0]  timeout=123s
[master] Worker worker-0@hydra-sat task 89: count=0  avg=59.9s  next_timeout=120s
[master] Worker [worker-0@hydra-sat] requested a task
[master] Task 90 → worker-0@hydra-sat  cube=[46 52 152 155 -156 -160 0]  timeout=120s
[master] Worker worker-0@hydra-sat task 90: count=0  avg=58.7s  next_timeout=118s
[master] Worker [worker-0@hydra-sat] requested a task
[master] Task 91 → worker-0@hydra-sat  cube=[46 -52 152 155 156 -160 0]  timeout=118s
[master] Worker worker-0@hydra-sat task 91: count=0  avg=57.6s  next_timeout=116s
[master] Worker [worker-0@hydra-sat] requested a task
[master] Task 92 → worker-0@hydra-sat  cube=[46 -52 152 155 156 -160 0]  timeout=116s
[master] Worker worker-0@hydra-sat task 92: count=0  avg=56.5s  next_timeout=114s
[master] Worker [worker-0@hydra-sat] requested a task
[master] Task 93 → worker-0@hydra-sat  cube=[46 -52 152 155 -156 160 0]  timeout=114s
[master] Worker worker-0@hydra-sat task 93: count=0  avg=55.5s  next_timeout=112s
[master] Worker [worker-0@hydra-sat] requested a task
[master] Task 94 → worker-0@hydra-sat  cube=[46 -52 152 155 -156 160 0]  timeout=112s
[master] Worker worker-0@hydra-sat task 94: count=0  avg=54.5s  next_timeout=110s
[master] Worker [worker-0@hydra-sat] requested a task
[master] Task 95 → worker-0@hydra-sat  cube=[46 -52 152 155 -156 -160 0]  timeout=110s
[master] Worker worker-0@hydra-sat task 95: count=0  avg=53.6s  next_timeout=108s
[master] Worker [worker-0@hydra-sat] requested a task
[master] Task 96 → worker-0@hydra-sat  cube=[46 -52 152 155 -156 -160 0]  timeout=108s
[master] Worker worker-0@hydra-sat task 96: count=0  avg=52.6s  next_timeout=106s
[master] Worker [worker-0@hydra-sat] requested a task
[master] Task 97 → worker-0@hydra-sat  cube=[46 -52 152 -155 156 160 0]  timeout=106s
[master] Worker worker-2@hydra-sat TIMEOUT task 62: cube=[-46 -52 -152 -155 156 -160] — splitting (JW)
[master] Worker [worker-2@hydra-sat] requested a task
[master] Task 98 → worker-2@hydra-sat  cube=[46 -52 152 -155 156 160 0]  timeout=106s
[master] Worker worker-2@hydra-sat task 98: count=0  avg=51.8s  next_timeout=104s
[master] Worker [worker-2@hydra-sat] requested a task
[master] Task 99 → worker-2@hydra-sat  cube=[46 -52 152 -155 156 -160 0]  timeout=104s
[master] Worker worker-2@hydra-sat task 99: count=0  avg=50.9s  next_timeout=102s
[master] Worker [worker-2@hydra-sat] requested a task
[master] Task 100 → worker-2@hydra-sat  cube=[46 -52 152 -155 156 -160 0]  timeout=102s
[master] Worker worker-2@hydra-sat task 100: count=0  avg=50.1s  next_timeout=101s
[master] Worker [worker-2@hydra-sat] requested a task
[master] Task 101 → worker-2@hydra-sat  cube=[46 -52 152 -155 -156 160 0]  timeout=101s
[master] Worker worker-0@hydra-sat task 97: count=0  avg=49.3s  next_timeout=99s
[master] Worker worker-2@hydra-sat task 101: count=0  avg=48.5s  next_timeout=97s
[master] Worker [worker-2@hydra-sat] requested a task
[master] Task 102 → worker-2@hydra-sat  cube=[46 -52 152 -155 -156 160 0]  timeout=97s
[master] Worker worker-2@hydra-sat task 102: count=0  avg=47.7s  next_timeout=96s
[master] Worker [worker-2@hydra-sat] requested a task
[master] Task 103 → worker-2@hydra-sat  cube=[46 -52 152 -155 -156 -160 0]  timeout=96s
[master] Worker [worker-0@hydra-sat] requested a task
[master] Task 104 → worker-0@hydra-sat  cube=[46 -52 152 -155 -156 -160 0]  timeout=96s
[master] Worker worker-2@hydra-sat task 103: count=0  avg=47.0s  next_timeout=94s
[master] Worker [worker-2@hydra-sat] requested a task
[master] Task 105 → worker-2@hydra-sat  cube=[46 -52 -152 155 156 160 0]  timeout=94s
[master] Worker worker-2@hydra-sat task 105: count=0  avg=46.3s  next_timeout=93s
[master] Worker [worker-2@hydra-sat] requested a task
[master] Task 106 → worker-2@hydra-sat  cube=[46 -52 -152 155 156 160 0]  timeout=93s
[master] Worker worker-2@hydra-sat task 106: count=0  avg=45.6s  next_timeout=92s
[master] Worker [worker-2@hydra-sat] requested a task
[master] Task 107 → worker-2@hydra-sat  cube=[46 -52 -152 155 156 -160 0]  timeout=92s
[master] Worker worker-2@hydra-sat task 107: count=0  avg=44.9s  next_timeout=90s
[master] Worker [worker-2@hydra-sat] requested a task
[master] Task 108 → worker-2@hydra-sat  cube=[46 -52 -152 155 156 -160 0]  timeout=90s
[master] Worker worker-2@hydra-sat task 108: count=0  avg=44.3s  next_timeout=89s
[master] Worker [worker-2@hydra-sat] requested a task
[master] Task 109 → worker-2@hydra-sat  cube=[46 -52 -152 155 -156 160 0]  timeout=89s
[master] Worker worker-2@hydra-sat task 109: count=0  avg=43.6s  next_timeout=88s
[master] Worker [worker-2@hydra-sat] requested a task
[master] Task 110 → worker-2@hydra-sat  cube=[46 -52 -152 155 -156 160 0]  timeout=88s
[master] Worker worker-2@hydra-sat task 110: count=0  avg=43.0s  next_timeout=87s
[master] Worker [worker-2@hydra-sat] requested a task
[master] Task 111 → worker-2@hydra-sat  cube=[46 -52 -152 155 -156 -160 0]  timeout=87s
[master] Worker worker-2@hydra-sat task 111: count=0  avg=42.4s  next_timeout=85s
[master] Worker [worker-2@hydra-sat] requested a task
[master] Task 112 → worker-2@hydra-sat  cube=[46 -52 -152 155 -156 -160 0]  timeout=85s
[master] Worker worker-2@hydra-sat task 112: count=0  avg=41.8s  next_timeout=84s
[master] Worker [worker-2@hydra-sat] requested a task
[master] Task 113 → worker-2@hydra-sat  cube=[46 -52 -152 -155 156 160 0]  timeout=84s
[master] Worker worker-2@hydra-sat task 113: count=0  avg=41.3s  next_timeout=83s
[master] Worker [worker-2@hydra-sat] requested a task
[master] Task 114 → worker-2@hydra-sat  cube=[46 -52 -152 -155 156 160 0]  timeout=83s
[master] Worker worker-2@hydra-sat task 114: count=0  avg=40.7s  next_timeout=82s
[master] Worker [worker-2@hydra-sat] requested a task
[master] Task 115 → worker-2@hydra-sat  cube=[46 -52 -152 -155 156 -160 0]  timeout=82s
[master] Worker worker-2@hydra-sat task 115: count=0  avg=40.2s  next_timeout=81s
[master] Worker [worker-2@hydra-sat] requested a task
[master] Task 116 → worker-2@hydra-sat  cube=[46 -52 -152 -155 156 -160 0]  timeout=81s
[master] Worker worker-2@hydra-sat task 116: count=0  avg=39.7s  next_timeout=80s
[master] Worker [worker-2@hydra-sat] requested a task
[master] Task 117 → worker-2@hydra-sat  cube=[46 -52 -152 -155 -156 160 0]  timeout=80s
[master] Worker worker-2@hydra-sat task 117: count=0  avg=39.2s  next_timeout=79s
[master] Worker [worker-2@hydra-sat] requested a task
[master] Task 118 → worker-2@hydra-sat  cube=[46 -52 -152 -155 -156 160 0]  timeout=79s
[master] Worker worker-2@hydra-sat task 118: count=0  avg=38.7s  next_timeout=78s
[master] Worker [worker-2@hydra-sat] requested a task
[master] Task 119 → worker-2@hydra-sat  cube=[46 -52 -152 -155 -156 -160 0]  timeout=78s
[master] Worker worker-2@hydra-sat task 119: count=0  avg=38.2s  next_timeout=77s
[master] Worker [worker-2@hydra-sat] requested a task
[master] Task 120 → worker-2@hydra-sat  cube=[46 -52 -152 -155 -156 -160 0]  timeout=77s
[master] Worker worker-2@hydra-sat task 120: count=0  avg=37.7s  next_timeout=76s
[master] Worker [worker-2@hydra-sat] requested a task
[master] Task 121 → worker-2@hydra-sat  cube=[-46 52 -152 155 -156 -160 0]  timeout=76s
[master] Worker worker-2@hydra-sat task 121: count=0  avg=37.2s  next_timeout=75s
[master] Worker [worker-2@hydra-sat] requested a task
[master] Task 122 → worker-2@hydra-sat  cube=[-46 52 -152 155 -156 -160 0]  timeout=75s
[master] Worker worker-2@hydra-sat task 122: count=0  avg=36.8s  next_timeout=74s
[master] Worker [worker-2@hydra-sat] requested a task
[master] Task 123 → worker-2@hydra-sat  cube=[-46 52 -152 -155 -156 -160 0]  timeout=74s
[master] Worker worker-2@hydra-sat task 123: count=0  avg=36.4s  next_timeout=73s
[master] Worker [worker-2@hydra-sat] requested a task
[master] Task 124 → worker-2@hydra-sat  cube=[-46 52 -152 -155 -156 -160 0]  timeout=73s
[master] Worker worker-2@hydra-sat task 124: count=0  avg=35.9s  next_timeout=72s
[master] Worker [worker-2@hydra-sat] requested a task
[master] Task 125 → worker-2@hydra-sat  cube=[-46 -52 152 -155 156 -160 0]  timeout=72s
[master] Worker worker-2@hydra-sat task 125: count=0  avg=35.5s  next_timeout=72s
[master] Worker [worker-2@hydra-sat] requested a task
[master] Task 126 → worker-2@hydra-sat  cube=[-46 -52 152 -155 156 -160 0]  timeout=72s
[master] Worker worker-0@hydra-sat task 104: count=0  avg=35.1s  next_timeout=71s
[master] Worker [worker-0@hydra-sat] requested a task
[master] Task 127 → worker-0@hydra-sat  cube=[-46 -52 152 -155 -156 -160 0]  timeout=71s
[master] Worker worker-2@hydra-sat task 126: count=0  avg=34.7s  next_timeout=70s
[master] Worker [worker-2@hydra-sat] requested a task
[master] Task 128 → worker-2@hydra-sat  cube=[-46 -52 152 -155 -156 -160 0]  timeout=70s
[master] Worker worker-0@hydra-sat task 127: count=0  avg=34.3s  next_timeout=69s
[master] Worker [worker-0@hydra-sat] requested a task
[master] Task 129 → worker-0@hydra-sat  cube=[-46 -52 -152 155 156 160 0]  timeout=69s
[master] Worker worker-2@hydra-sat task 128: count=0  avg=33.9s  next_timeout=68s
[master] Worker [worker-2@hydra-sat] requested a task
[master] Task 130 → worker-2@hydra-sat  cube=[-46 -52 -152 155 156 160 0]  timeout=68s
[master] Worker worker-0@hydra-sat task 129: count=0  avg=33.6s  next_timeout=68s
[master] Worker [worker-0@hydra-sat] requested a task
[master] Task 131 → worker-0@hydra-sat  cube=[-46 -52 -152 155 156 -160 0]  timeout=68s
[master] Worker worker-2@hydra-sat task 130: count=0  avg=33.2s  next_timeout=67s
[master] Worker [worker-2@hydra-sat] requested a task
[master] Task 132 → worker-2@hydra-sat  cube=[-46 -52 -152 155 156 -160 0]  timeout=67s
[master] Worker worker-0@hydra-sat task 131: count=0  avg=32.8s  next_timeout=66s
[master] Worker [worker-0@hydra-sat] requested a task
[master] Task 133 → worker-0@hydra-sat  cube=[-46 -52 -152 155 -156 -160 0]  timeout=66s
[master] Worker worker-2@hydra-sat task 132: count=0  avg=32.5s  next_timeout=65s
[master] Worker [worker-2@hydra-sat] requested a task
[master] Task 134 → worker-2@hydra-sat  cube=[-46 -52 -152 155 -156 -160 0]  timeout=65s
[master] Worker worker-0@hydra-sat task 133: count=0  avg=32.1s  next_timeout=65s
[master] Worker [worker-0@hydra-sat] requested a task
[master] Task 135 → worker-0@hydra-sat  cube=[-46 -52 -152 -155 156 -160 0]  timeout=65s
[master] Worker worker-7@hydra-sat TIMEOUT task 63: cube=[-46 -52 -152 -155 -156 160] — splitting (JW)
[master] Worker worker-2@hydra-sat task 134: count=0  avg=31.8s  next_timeout=64s
[master] Worker worker-0@hydra-sat task 135: count=0  avg=31.5s  next_timeout=63s
[master] Worker [worker-2@hydra-sat] requested a task
[master] Task 136 → worker-2@hydra-sat  cube=[-46 -52 -152 -155 156 -160 0]  timeout=63s
[master] Worker [worker-0@hydra-sat] requested a task
[master] Task 137 → worker-0@hydra-sat  cube=[-46 -52 -152 -155 -156 160 0]  timeout=63s
[master] Worker [worker-7@hydra-sat] requested a task
[master] Task 138 → worker-7@hydra-sat  cube=[-46 -52 -152 -155 -156 160 0]  timeout=63s
[master] Worker worker-0@hydra-sat task 137: count=0  avg=31.2s  next_timeout=63s
[master] Worker [worker-0@hydra-sat] requested a task
[master] Worker worker-7@hydra-sat task 138: count=0  avg=30.8s  next_timeout=62s
[master] Worker [worker-7@hydra-sat] requested a task
[master] Worker worker-3@hydra-sat TIMEOUT task 64: cube=[-46 -52 -152 -155 -156 -160] — splitting (JW)
[master] Task 139 → worker-0@hydra-sat  cube=[-46 -52 -152 -155 -156 -160 0]  timeout=62s
[master] Task 140 → worker-7@hydra-sat  cube=[-46 -52 -152 -155 -156 -160 0]  timeout=62s
[master] Worker [worker-3@hydra-sat] requested a task
[master] Worker worker-7@hydra-sat task 140: count=0  avg=30.5s  next_timeout=62s
[master] Worker worker-0@hydra-sat task 139: count=0  avg=30.2s  next_timeout=61s
[master] Worker [worker-7@hydra-sat] requested a task
[master] Worker [worker-0@hydra-sat] requested a task
[master] Worker worker-2@hydra-sat task 136: count=0  avg=29.9s  next_timeout=60s
[master] cnf_instances/rand3sat_160v_480c.cnf done in 4172.5s — holding 3s for TUI…
[logger] failed to open log: open results/benchmark.csv: permission denied
[master] Worker [worker-2@hydra-sat] requested a task
[master] Worker [worker-5@hydra-sat] requested a task
[master] Worker [worker-4@hydra-sat] requested a task
[master] Worker [worker-6@hydra-sat] requested a task
[master] Worker [worker-1@hydra-sat] requested a task
=======================================
SOLVING COMPLETE
  File:        cnf_instances/rand3sat_160v_480c.cnf
  Model Count: 1045224957372213913
=======================================

[8/22] Loading CNF: cnf_instances/rand3sat_160v_672c.cnf
  160 vars, 672 clauses
[master] Solving cnf_instances/rand3sat_160v_672c.cnf  (64 initial cubes)
[master] Worker [worker-3@hydra-sat] requested a task
[master] Task 1 → worker-3@hydra-sat  cube=[46 145 152 156 158 160]  timeout=2147483647s
[master] Worker [worker-7@hydra-sat] requested a task
[master] Task 2 → worker-7@hydra-sat  cube=[46 145 152 156 158 -160]  timeout=2147483647s
[master] Worker [worker-0@hydra-sat] requested a task
[master] Task 3 → worker-0@hydra-sat  cube=[46 145 152 156 -158 160]  timeout=2147483647s
[master] Worker [worker-2@hydra-sat] requested a task
[master] Task 4 → worker-2@hydra-sat  cube=[46 145 152 156 -158 -160]  timeout=2147483647s
[master] Worker worker-3@hydra-sat task 1: count=1330984  avg=0.4s  next_timeout=1s
[master] Worker [worker-3@hydra-sat] requested a task
[master] Task 5 → worker-3@hydra-sat  cube=[46 145 152 -156 158 160]  timeout=1s
[master] Worker worker-0@hydra-sat task 3: count=394064  avg=0.4s  next_timeout=1s
[master] Worker [worker-0@hydra-sat] requested a task
[master] Task 6 → worker-0@hydra-sat  cube=[46 145 152 -156 158 -160]  timeout=1s
[master] Worker worker-0@hydra-sat task 6: count=68416  avg=0.3s  next_timeout=1s
[master] Worker [worker-0@hydra-sat] requested a task
[master] Task 7 → worker-0@hydra-sat  cube=[46 145 152 -156 -158 160]  timeout=1s
[master] Worker worker-3@hydra-sat TIMEOUT task 5: cube=[46 145 152 -156 158 160] — splitting (JW)
[master] Worker [worker-3@hydra-sat] requested a task
[master] Task 8 → worker-3@hydra-sat  cube=[46 145 152 -156 -158 -160]  timeout=1s
[master] Worker worker-0@hydra-sat TIMEOUT task 7: cube=[46 145 152 -156 -158 160] — splitting (JW)
[master] Worker [worker-0@hydra-sat] requested a task
[master] Task 9 → worker-0@hydra-sat  cube=[46 145 -152 156 158 160]  timeout=1s
[master] Worker worker-2@hydra-sat task 4: count=11006204  avg=0.6s  next_timeout=2s
[master] Worker [worker-2@hydra-sat] requested a task
[master] Task 10 → worker-2@hydra-sat  cube=[46 145 -152 156 158 -160]  timeout=2s
[master] Worker worker-0@hydra-sat task 9: count=37660  avg=0.6s  next_timeout=2s
[master] Worker [worker-0@hydra-sat] requested a task
[master] Task 11 → worker-0@hydra-sat  cube=[46 145 -152 156 -158 160]  timeout=2s
[master] Worker worker-3@hydra-sat TIMEOUT task 8: cube=[46 145 152 -156 -158 -160] — splitting (JW)
[master] Worker [worker-3@hydra-sat] requested a task
[master] Task 12 → worker-3@hydra-sat  cube=[46 145 -152 156 -158 -160]  timeout=2s
[master] Worker worker-2@hydra-sat TIMEOUT task 10: cube=[46 145 -152 156 158 -160] — splitting (JW)
[master] Worker [worker-2@hydra-sat] requested a task
[master] Task 13 → worker-2@hydra-sat  cube=[46 145 -152 -156 158 160]  timeout=2s
[master] Worker worker-0@hydra-sat TIMEOUT task 11: cube=[46 145 -152 156 -158 160] — splitting (JW)
[master] Worker [worker-0@hydra-sat] requested a task
[master] Task 14 → worker-0@hydra-sat  cube=[46 145 -152 -156 158 -160]  timeout=2s
[master] Worker worker-7@hydra-sat task 2: count=23687366  avg=1.2s  next_timeout=3s
[master] Worker [worker-7@hydra-sat] requested a task
[master] Task 15 → worker-7@hydra-sat  cube=[46 145 -152 -156 -158 160]  timeout=3s
[master] Worker worker-3@hydra-sat task 12: count=0  avg=1.3s  next_timeout=3s
[master] Worker [worker-3@hydra-sat] requested a task
[master] Task 16 → worker-3@hydra-sat  cube=[46 145 -152 -156 -158 -160]  timeout=3s
[master] Worker worker-3@hydra-sat task 16: count=512  avg=1.1s  next_timeout=3s
[master] Worker [worker-3@hydra-sat] requested a task
[master] Task 17 → worker-3@hydra-sat  cube=[46 -145 152 156 158 160]  timeout=3s
[master] Worker worker-0@hydra-sat task 14: count=60280  avg=1.1s  next_timeout=3s
[master] Worker [worker-0@hydra-sat] requested a task
[master] Task 18 → worker-0@hydra-sat  cube=[46 -145 152 156 158 -160]  timeout=3s
[master] Worker worker-3@hydra-sat task 17: count=703600  avg=1.0s  next_timeout=2s
[master] Worker [worker-3@hydra-sat] requested a task
[master] Task 19 → worker-3@hydra-sat  cube=[46 -145 152 156 -158 160]  timeout=2s
[master] Worker worker-3@hydra-sat task 19: count=0  avg=0.9s  next_timeout=2s
[master] Worker [worker-3@hydra-sat] requested a task
[master] Task 20 → worker-3@hydra-sat  cube=[46 -145 152 156 -158 -160]  timeout=2s
[master] Worker worker-3@hydra-sat task 20: count=6496  avg=0.8s  next_timeout=2s
[master] Worker [worker-3@hydra-sat] requested a task
[master] Task 21 → worker-3@hydra-sat  cube=[46 -145 152 -156 158 160]  timeout=2s
[master] Worker worker-3@hydra-sat task 21: count=0  avg=0.8s  next_timeout=2s
[master] Worker [worker-3@hydra-sat] requested a task
[master] Task 22 → worker-3@hydra-sat  cube=[46 -145 152 -156 158 -160]  timeout=2s
[master] Worker worker-3@hydra-sat task 22: count=0  avg=0.7s  next_timeout=2s
[master] Worker [worker-3@hydra-sat] requested a task
[master] Task 23 → worker-3@hydra-sat  cube=[46 -145 152 -156 -158 160]  timeout=2s
[master] Worker worker-3@hydra-sat task 23: count=0  avg=0.7s  next_timeout=2s
[master] Worker [worker-3@hydra-sat] requested a task
[master] Task 24 → worker-3@hydra-sat  cube=[46 -145 152 -156 -158 -160]  timeout=2s
[master] Worker worker-0@hydra-sat task 18: count=3415510  avg=0.6s  next_timeout=2s
[master] Worker [worker-0@hydra-sat] requested a task
[master] Task 25 → worker-0@hydra-sat  cube=[46 -145 -152 156 158 160]  timeout=2s
[master] Worker worker-0@hydra-sat task 25: count=100300  avg=0.6s  next_timeout=2s
[master] Worker [worker-0@hydra-sat] requested a task
[master] Task 26 → worker-0@hydra-sat  cube=[46 -145 -152 156 158 -160]  timeout=2s
[master] Worker worker-0@hydra-sat task 26: count=353628  avg=0.6s  next_timeout=2s
[master] Worker [worker-0@hydra-sat] requested a task
[master] Task 27 → worker-0@hydra-sat  cube=[46 -145 -152 156 -158 160]  timeout=2s
[master] Worker worker-2@hydra-sat TIMEOUT task 13: cube=[46 145 -152 -156 158 160] — splitting (JW)
[master] Worker [worker-2@hydra-sat] requested a task
[master] Task 28 → worker-2@hydra-sat  cube=[46 -145 -152 156 -158 -160]  timeout=2s
[master] Worker worker-3@hydra-sat TIMEOUT task 24: cube=[46 -145 152 -156 -158 -160] — splitting (JW)
[master] Worker [worker-3@hydra-sat] requested a task
[master] Task 29 → worker-3@hydra-sat  cube=[46 -145 -152 -156 158 160]  timeout=2s
[master] Worker worker-7@hydra-sat task 15: count=0  avg=0.7s  next_timeout=2s
[master] Worker [worker-7@hydra-sat] requested a task
[master] Task 30 → worker-7@hydra-sat  cube=[46 -145 -152 -156 158 -160]  timeout=2s
[master] Worker worker-0@hydra-sat TIMEOUT task 27: cube=[46 -145 -152 156 -158 160] — splitting (JW)
[master] Worker [worker-0@hydra-sat] requested a task
[master] Task 31 → worker-0@hydra-sat  cube=[46 -145 -152 -156 -158 160]  timeout=2s
[master] Worker worker-2@hydra-sat task 28: count=0  avg=0.8s  next_timeout=2s
[master] Worker [worker-2@hydra-sat] requested a task
[master] Task 32 → worker-2@hydra-sat  cube=[46 -145 -152 -156 -158 -160]  timeout=2s
[master] Worker worker-3@hydra-sat task 29: count=0  avg=0.8s  next_timeout=2s
[master] Worker [worker-3@hydra-sat] requested a task
[master] Task 33 → worker-3@hydra-sat  cube=[-46 145 152 156 158 160]  timeout=2s
[master] Worker worker-7@hydra-sat TIMEOUT task 30: cube=[46 -145 -152 -156 158 -160] — splitting (JW)
[master] Worker [worker-7@hydra-sat] requested a task
[master] Task 34 → worker-7@hydra-sat  cube=[-46 145 152 156 158 -160]  timeout=2s
[master] Worker worker-0@hydra-sat TIMEOUT task 31: cube=[46 -145 -152 -156 -158 160] — splitting (JW)
[master] Worker [worker-0@hydra-sat] requested a task
[master] Task 35 → worker-0@hydra-sat  cube=[-46 145 152 156 -158 160]  timeout=2s
[master] Worker worker-2@hydra-sat TIMEOUT task 32: cube=[46 -145 -152 -156 -158 -160] — splitting (JW)
[master] Worker [worker-2@hydra-sat] requested a task
[master] Task 36 → worker-2@hydra-sat  cube=[-46 145 152 156 -158 -160]  timeout=2s
[master] Worker worker-3@hydra-sat TIMEOUT task 33: cube=[-46 145 152 156 158 160] — splitting (JW)
[master] Worker [worker-3@hydra-sat] requested a task
[master] Task 37 → worker-3@hydra-sat  cube=[-46 145 152 -156 158 160]  timeout=2s
[master] Worker worker-7@hydra-sat TIMEOUT task 34: cube=[-46 145 152 156 158 -160] — splitting (JW)
[master] Worker [worker-7@hydra-sat] requested a task
[master] Task 38 → worker-7@hydra-sat  cube=[-46 145 152 -156 158 -160]  timeout=2s
[master] Worker worker-0@hydra-sat TIMEOUT task 35: cube=[-46 145 152 156 -158 160] — splitting (JW)
[master] Worker [worker-0@hydra-sat] requested a task
[master] Task 39 → worker-0@hydra-sat  cube=[-46 145 152 -156 -158 160]  timeout=2s
[master] Worker worker-2@hydra-sat TIMEOUT task 36: cube=[-46 145 152 156 -158 -160] — splitting (JW)
[master] Worker [worker-2@hydra-sat] requested a task
[master] Task 40 → worker-2@hydra-sat  cube=[-46 145 152 -156 -158 -160]  timeout=2s
[master] Worker worker-3@hydra-sat TIMEOUT task 37: cube=[-46 145 152 -156 158 160] — splitting (JW)
[master] Worker [worker-3@hydra-sat] requested a task
[master] Task 41 → worker-3@hydra-sat  cube=[-46 145 -152 156 158 160]  timeout=2s
[master] Worker worker-7@hydra-sat TIMEOUT task 38: cube=[-46 145 152 -156 158 -160] — splitting (JW)
[master] Worker [worker-7@hydra-sat] requested a task
[master] Task 42 → worker-7@hydra-sat  cube=[-46 145 -152 156 158 -160]  timeout=2s
[master] Worker worker-0@hydra-sat TIMEOUT task 39: cube=[-46 145 152 -156 -158 160] — splitting (JW)
[master] Worker [worker-0@hydra-sat] requested a task
[master] Task 43 → worker-0@hydra-sat  cube=[-46 145 -152 156 -158 160]  timeout=2s
[master] Worker worker-2@hydra-sat TIMEOUT task 40: cube=[-46 145 152 -156 -158 -160] — splitting (JW)
[master] Worker [worker-2@hydra-sat] requested a task
[master] Task 44 → worker-2@hydra-sat  cube=[-46 145 -152 156 -158 -160]  timeout=2s
[master] Worker worker-7@hydra-sat task 42: count=3823814  avg=0.8s  next_timeout=2s
[master] Worker [worker-7@hydra-sat] requested a task
[master] Task 45 → worker-7@hydra-sat  cube=[-46 145 -152 -156 158 160]  timeout=2s
[master] Worker worker-7@hydra-sat task 45: count=54504  avg=0.8s  next_timeout=2s
[master] Worker [worker-7@hydra-sat] requested a task
[master] Task 46 → worker-7@hydra-sat  cube=[-46 145 -152 -156 158 -160]  timeout=2s
[master] Worker worker-3@hydra-sat task 41: count=0  avg=0.8s  next_timeout=2s
[master] Worker [worker-3@hydra-sat] requested a task
[master] Task 47 → worker-3@hydra-sat  cube=[-46 145 -152 -156 -158 160]  timeout=2s
[master] Worker worker-7@hydra-sat task 46: count=3108120  avg=0.9s  next_timeout=2s
[master] Worker [worker-7@hydra-sat] requested a task
[master] Task 48 → worker-7@hydra-sat  cube=[-46 145 -152 -156 -158 -160]  timeout=2s
[master] Worker worker-0@hydra-sat TIMEOUT task 43: cube=[-46 145 -152 156 -158 160] — splitting (JW)
[master] Worker [worker-0@hydra-sat] requested a task
[master] Task 49 → worker-0@hydra-sat  cube=[-46 -145 152 156 158 160]  timeout=2s
[master] Worker worker-0@hydra-sat task 49: count=0  avg=0.8s  next_timeout=2s
[master] Worker [worker-0@hydra-sat] requested a task
[master] Task 50 → worker-0@hydra-sat  cube=[-46 -145 152 156 158 -160]  timeout=2s
[master] Worker worker-0@hydra-sat task 50: count=0  avg=0.8s  next_timeout=2s
[master] Worker [worker-0@hydra-sat] requested a task
[master] Task 51 → worker-0@hydra-sat  cube=[-46 -145 152 156 -158 160]  timeout=2s
[master] Worker worker-0@hydra-sat task 51: count=0  avg=0.8s  next_timeout=2s
[master] Worker [worker-0@hydra-sat] requested a task
[master] Task 52 → worker-0@hydra-sat  cube=[-46 -145 152 156 -158 -160]  timeout=2s
[master] Worker worker-2@hydra-sat TIMEOUT task 44: cube=[-46 145 -152 156 -158 -160] — splitting (JW)
[master] Worker [worker-2@hydra-sat] requested a task
[master] Task 53 → worker-2@hydra-sat  cube=[-46 -145 152 -156 158 160]  timeout=2s
[master] Worker worker-2@hydra-sat task 53: count=0  avg=0.7s  next_timeout=2s
[master] Worker [worker-2@hydra-sat] requested a task
[master] Task 54 → worker-2@hydra-sat  cube=[-46 -145 152 -156 158 -160]  timeout=2s
[master] Worker worker-2@hydra-sat task 54: count=0  avg=0.7s  next_timeout=2s
[master] Worker [worker-2@hydra-sat] requested a task
[master] Task 55 → worker-2@hydra-sat  cube=[-46 -145 152 -156 -158 160]  timeout=2s
[master] Worker worker-2@hydra-sat task 55: count=0  avg=0.7s  next_timeout=2s
[master] Worker [worker-2@hydra-sat] requested a task
[master] Task 56 → worker-2@hydra-sat  cube=[-46 -145 152 -156 -158 -160]  timeout=2s
[master] Worker worker-2@hydra-sat task 56: count=0  avg=0.7s  next_timeout=2s
[master] Worker [worker-2@hydra-sat] requested a task
[master] Task 57 → worker-2@hydra-sat  cube=[-46 -145 -152 156 158 160]  timeout=2s
[master] Worker worker-2@hydra-sat task 57: count=0  avg=0.7s  next_timeout=2s
[master] Worker [worker-2@hydra-sat] requested a task
[master] Task 58 → worker-2@hydra-sat  cube=[-46 -145 -152 156 158 -160]  timeout=2s
[master] Worker worker-3@hydra-sat TIMEOUT task 47: cube=[-46 145 -152 -156 -158 160] — splitting (JW)
[master] Worker [worker-3@hydra-sat] requested a task
[master] Task 59 → worker-3@hydra-sat  cube=[-46 -145 -152 156 -158 160]  timeout=2s
[master] Worker worker-7@hydra-sat TIMEOUT task 48: cube=[-46 145 -152 -156 -158 -160] — splitting (JW)
[master] Worker [worker-7@hydra-sat] requested a task
[master] Task 60 → worker-7@hydra-sat  cube=[-46 -145 -152 156 -158 -160]  timeout=2s
[master] Worker worker-0@hydra-sat TIMEOUT task 52: cube=[-46 -145 152 156 -158 -160] — splitting (JW)
[master] Worker [worker-0@hydra-sat] requested a task
[master] Task 61 → worker-0@hydra-sat  cube=[-46 -145 -152 -156 158 160]  timeout=2s
[master] Worker worker-0@hydra-sat task 61: count=0  avg=0.6s  next_timeout=2s
[master] Worker [worker-0@hydra-sat] requested a task
[master] Task 62 → worker-0@hydra-sat  cube=[-46 -145 -152 -156 158 -160]  timeout=2s
[master] Worker worker-0@hydra-sat task 62: count=0  avg=0.6s  next_timeout=2s
[master] Worker [worker-0@hydra-sat] requested a task
[master] Task 63 → worker-0@hydra-sat  cube=[-46 -145 -152 -156 -158 160]  timeout=2s
[master] Worker worker-0@hydra-sat task 63: count=0  avg=0.6s  next_timeout=2s
[master] Worker [worker-0@hydra-sat] requested a task
[master] Task 64 → worker-0@hydra-sat  cube=[-46 -145 -152 -156 -158 -160]  timeout=2s
[master] Worker worker-2@hydra-sat TIMEOUT task 58: cube=[-46 -145 -152 156 158 -160] — splitting (JW)
[master] Worker [worker-2@hydra-sat] requested a task
[master] Task 65 → worker-2@hydra-sat  cube=[46 145 152 -156 158 160 0]  timeout=2s
[master] Worker worker-2@hydra-sat task 65: count=0  avg=0.6s  next_timeout=2s
[master] Worker [worker-2@hydra-sat] requested a task
[master] Task 66 → worker-2@hydra-sat  cube=[46 145 152 -156 158 160 0]  timeout=2s
[master] Worker worker-2@hydra-sat task 66: count=0  avg=0.6s  next_timeout=2s
[master] Worker [worker-2@hydra-sat] requested a task
[master] Task 67 → worker-2@hydra-sat  cube=[46 145 152 -156 -158 160 0]  timeout=2s
[master] Worker worker-2@hydra-sat task 67: count=0  avg=0.6s  next_timeout=2s
[master] Worker [worker-2@hydra-sat] requested a task
[master] Task 68 → worker-2@hydra-sat  cube=[46 145 152 -156 -158 160 0]  timeout=2s
[master] Worker worker-2@hydra-sat task 68: count=0  avg=0.5s  next_timeout=2s
[master] Worker [worker-2@hydra-sat] requested a task
[master] Task 69 → worker-2@hydra-sat  cube=[46 145 152 -156 -158 -160 0]  timeout=2s
[master] Worker worker-2@hydra-sat task 69: count=0  avg=0.5s  next_timeout=2s
[master] Worker [worker-2@hydra-sat] requested a task
[master] Task 70 → worker-2@hydra-sat  cube=[46 145 152 -156 -158 -160 0]  timeout=2s
[master] Worker worker-2@hydra-sat task 70: count=0  avg=0.5s  next_timeout=2s
[master] Worker [worker-2@hydra-sat] requested a task
[master] Task 71 → worker-2@hydra-sat  cube=[46 145 -152 156 158 -160 0]  timeout=2s
[master] Worker worker-2@hydra-sat task 71: count=0  avg=0.5s  next_timeout=2s
[master] Worker [worker-2@hydra-sat] requested a task
[master] Task 72 → worker-2@hydra-sat  cube=[46 145 -152 156 158 -160 0]  timeout=2s
[master] Worker worker-2@hydra-sat task 72: count=0  avg=0.5s  next_timeout=1s
[master] Worker [worker-2@hydra-sat] requested a task
[master] Task 73 → worker-2@hydra-sat  cube=[46 145 -152 156 -158 160 0]  timeout=1s
[master] Worker worker-3@hydra-sat TIMEOUT task 59: cube=[-46 -145 -152 156 -158 160] — splitting (JW)
[master] Worker worker-2@hydra-sat task 73: count=0  avg=0.5s  next_timeout=1s
[master] Worker [worker-2@hydra-sat] requested a task
[master] Task 74 → worker-2@hydra-sat  cube=[46 145 -152 156 -158 160 0]  timeout=1s
[master] Worker [worker-3@hydra-sat] requested a task
[master] Task 75 → worker-3@hydra-sat  cube=[46 145 -152 -156 158 160 0]  timeout=1s
[master] Worker worker-2@hydra-sat task 74: count=0  avg=0.5s  next_timeout=1s
[master] Worker [worker-2@hydra-sat] requested a task
[master] Task 76 → worker-2@hydra-sat  cube=[46 145 -152 -156 158 160 0]  timeout=1s
[master] Worker worker-3@hydra-sat task 75: count=0  avg=0.5s  next_timeout=1s
[master] Worker [worker-3@hydra-sat] requested a task
[master] Task 77 → worker-3@hydra-sat  cube=[46 -145 152 -156 -158 -160 0]  timeout=1s
[master] Worker worker-2@hydra-sat task 76: count=0  avg=0.4s  next_timeout=1s
[master] Worker [worker-2@hydra-sat] requested a task
[master] Task 78 → worker-2@hydra-sat  cube=[46 -145 152 -156 -158 -160 0]  timeout=1s
[master] Worker worker-3@hydra-sat task 77: count=0  avg=0.4s  next_timeout=1s
[master] Worker [worker-3@hydra-sat] requested a task
[master] Task 79 → worker-3@hydra-sat  cube=[46 -145 -152 156 -158 160 0]  timeout=1s
[master] Worker worker-2@hydra-sat task 78: count=0  avg=0.4s  next_timeout=1s
[master] Worker [worker-2@hydra-sat] requested a task
[master] Task 80 → worker-2@hydra-sat  cube=[46 -145 -152 156 -158 160 0]  timeout=1s
[master] Worker worker-3@hydra-sat task 79: count=0  avg=0.4s  next_timeout=1s
[master] Worker [worker-3@hydra-sat] requested a task
[master] Task 81 → worker-3@hydra-sat  cube=[46 -145 -152 -156 158 -160 0]  timeout=1s
[master] Worker worker-2@hydra-sat task 80: count=0  avg=0.4s  next_timeout=1s
[master] Worker [worker-2@hydra-sat] requested a task
[master] Task 82 → worker-2@hydra-sat  cube=[46 -145 -152 -156 158 -160 0]  timeout=1s
[master] Worker worker-3@hydra-sat task 81: count=0  avg=0.4s  next_timeout=1s
[master] Worker [worker-3@hydra-sat] requested a task
[master] Task 83 → worker-3@hydra-sat  cube=[46 -145 -152 -156 -158 160 0]  timeout=1s
[master] Worker worker-2@hydra-sat task 82: count=0  avg=0.4s  next_timeout=1s
[master] Worker [worker-2@hydra-sat] requested a task
[master] Task 84 → worker-2@hydra-sat  cube=[46 -145 -152 -156 -158 160 0]  timeout=1s
[master] Worker worker-3@hydra-sat task 83: count=0  avg=0.4s  next_timeout=1s
[master] Worker [worker-3@hydra-sat] requested a task
[master] Task 85 → worker-3@hydra-sat  cube=[46 -145 -152 -156 -158 -160 0]  timeout=1s
[master] Worker worker-2@hydra-sat task 84: count=0  avg=0.4s  next_timeout=1s
[master] Worker [worker-2@hydra-sat] requested a task
[master] Task 86 → worker-2@hydra-sat  cube=[46 -145 -152 -156 -158 -160 0]  timeout=1s
[master] Worker worker-3@hydra-sat task 85: count=0  avg=0.4s  next_timeout=1s
[master] Worker [worker-3@hydra-sat] requested a task
[master] Task 87 → worker-3@hydra-sat  cube=[-46 145 152 156 158 160 0]  timeout=1s
[master] Worker worker-2@hydra-sat task 86: count=0  avg=0.4s  next_timeout=1s
[master] Worker [worker-2@hydra-sat] requested a task
[master] Task 88 → worker-2@hydra-sat  cube=[-46 145 152 156 158 160 0]  timeout=1s
[master] Worker worker-3@hydra-sat task 87: count=0  avg=0.4s  next_timeout=1s
[master] Worker [worker-3@hydra-sat] requested a task
[master] Task 89 → worker-3@hydra-sat  cube=[-46 145 152 156 158 -160 0]  timeout=1s
[master] Worker worker-2@hydra-sat task 88: count=0  avg=0.4s  next_timeout=1s
[master] Worker [worker-2@hydra-sat] requested a task
[master] Task 90 → worker-2@hydra-sat  cube=[-46 145 152 156 158 -160 0]  timeout=1s
[master] Worker worker-3@hydra-sat task 89: count=0  avg=0.4s  next_timeout=1s
[master] Worker [worker-3@hydra-sat] requested a task
[master] Task 91 → worker-3@hydra-sat  cube=[-46 145 152 156 -158 160 0]  timeout=1s
[master] Worker worker-2@hydra-sat task 90: count=0  avg=0.3s  next_timeout=1s
[master] Worker [worker-2@hydra-sat] requested a task
[master] Task 92 → worker-2@hydra-sat  cube=[-46 145 152 156 -158 160 0]  timeout=1s
[master] Worker worker-3@hydra-sat task 91: count=0  avg=0.3s  next_timeout=1s
[master] Worker [worker-3@hydra-sat] requested a task
[master] Task 93 → worker-3@hydra-sat  cube=[-46 145 152 156 -158 -160 0]  timeout=1s
[master] Worker worker-2@hydra-sat task 92: count=0  avg=0.3s  next_timeout=1s
[master] Worker [worker-2@hydra-sat] requested a task
[master] Task 94 → worker-2@hydra-sat  cube=[-46 145 152 156 -158 -160 0]  timeout=1s
[master] Worker worker-3@hydra-sat task 93: count=0  avg=0.3s  next_timeout=1s
[master] Worker [worker-3@hydra-sat] requested a task
[master] Task 95 → worker-3@hydra-sat  cube=[-46 145 152 -156 158 160 0]  timeout=1s
[master] Worker worker-2@hydra-sat task 94: count=0  avg=0.3s  next_timeout=1s
[master] Worker [worker-2@hydra-sat] requested a task
[master] Task 96 → worker-2@hydra-sat  cube=[-46 145 152 -156 158 160 0]  timeout=1s
[master] Worker worker-3@hydra-sat task 95: count=0  avg=0.3s  next_timeout=1s
[master] Worker [worker-3@hydra-sat] requested a task
[master] Task 97 → worker-3@hydra-sat  cube=[-46 145 152 -156 158 -160 0]  timeout=1s
[master] Worker worker-2@hydra-sat task 96: count=0  avg=0.3s  next_timeout=1s
[master] Worker [worker-2@hydra-sat] requested a task
[master] Task 98 → worker-2@hydra-sat  cube=[-46 145 152 -156 158 -160 0]  timeout=1s
[master] Worker worker-3@hydra-sat task 97: count=0  avg=0.3s  next_timeout=1s
[master] Worker [worker-3@hydra-sat] requested a task
[master] Task 99 → worker-3@hydra-sat  cube=[-46 145 152 -156 -158 160 0]  timeout=1s
[master] Worker worker-2@hydra-sat task 98: count=0  avg=0.3s  next_timeout=1s
[master] Worker [worker-2@hydra-sat] requested a task
[master] Task 100 → worker-2@hydra-sat  cube=[-46 145 152 -156 -158 160 0]  timeout=1s
[master] Worker worker-3@hydra-sat task 99: count=0  avg=0.3s  next_timeout=1s
[master] Worker [worker-3@hydra-sat] requested a task
[master] Task 101 → worker-3@hydra-sat  cube=[-46 145 152 -156 -158 -160 0]  timeout=1s
[master] Worker worker-2@hydra-sat task 100: count=0  avg=0.3s  next_timeout=1s
[master] Worker [worker-2@hydra-sat] requested a task
[master] Task 102 → worker-2@hydra-sat  cube=[-46 145 152 -156 -158 -160 0]  timeout=1s
[master] Worker worker-3@hydra-sat task 101: count=0  avg=0.3s  next_timeout=1s
[master] Worker [worker-3@hydra-sat] requested a task
[master] Task 103 → worker-3@hydra-sat  cube=[-46 145 -152 156 -158 160 0]  timeout=1s
[master] Worker worker-2@hydra-sat task 102: count=0  avg=0.3s  next_timeout=1s
[master] Worker [worker-2@hydra-sat] requested a task
[master] Task 104 → worker-2@hydra-sat  cube=[-46 145 -152 156 -158 160 0]  timeout=1s
[master] Worker worker-3@hydra-sat task 103: count=0  avg=0.3s  next_timeout=1s
[master] Worker [worker-3@hydra-sat] requested a task
[master] Task 105 → worker-3@hydra-sat  cube=[-46 145 -152 156 -158 -160 0]  timeout=1s
[master] Worker worker-2@hydra-sat task 104: count=0  avg=0.3s  next_timeout=1s
[master] Worker [worker-2@hydra-sat] requested a task
[master] Task 106 → worker-2@hydra-sat  cube=[-46 145 -152 156 -158 -160 0]  timeout=1s
[master] Worker worker-3@hydra-sat task 105: count=0  avg=0.3s  next_timeout=1s
[master] Worker [worker-3@hydra-sat] requested a task
[master] Task 107 → worker-3@hydra-sat  cube=[-46 145 -152 -156 -158 160 0]  timeout=1s
[master] Worker worker-2@hydra-sat task 106: count=0  avg=0.3s  next_timeout=1s
[master] Worker [worker-2@hydra-sat] requested a task
[master] Task 108 → worker-2@hydra-sat  cube=[-46 145 -152 -156 -158 160 0]  timeout=1s
[master] Worker worker-3@hydra-sat task 107: count=0  avg=0.3s  next_timeout=1s
[master] Worker [worker-3@hydra-sat] requested a task
[master] Task 109 → worker-3@hydra-sat  cube=[-46 145 -152 -156 -158 -160 0]  timeout=1s
[master] Worker worker-2@hydra-sat task 108: count=0  avg=0.3s  next_timeout=1s
[master] Worker [worker-2@hydra-sat] requested a task
[master] Task 110 → worker-2@hydra-sat  cube=[-46 145 -152 -156 -158 -160 0]  timeout=1s
[master] Worker worker-3@hydra-sat task 109: count=0  avg=0.3s  next_timeout=1s
[master] Worker [worker-3@hydra-sat] requested a task
[master] Task 111 → worker-3@hydra-sat  cube=[-46 -145 152 156 -158 -160 0]  timeout=1s
[master] Worker worker-2@hydra-sat task 110: count=0  avg=0.3s  next_timeout=1s
[master] Worker [worker-2@hydra-sat] requested a task
[master] Task 112 → worker-2@hydra-sat  cube=[-46 -145 152 156 -158 -160 0]  timeout=1s
[master] Worker worker-3@hydra-sat task 111: count=0  avg=0.3s  next_timeout=1s
[master] Worker [worker-3@hydra-sat] requested a task
[master] Task 113 → worker-3@hydra-sat  cube=[-46 -145 -152 156 158 -160 0]  timeout=1s
[master] Worker worker-2@hydra-sat task 112: count=0  avg=0.3s  next_timeout=1s
[master] Worker [worker-2@hydra-sat] requested a task
[master] Task 114 → worker-2@hydra-sat  cube=[-46 -145 -152 156 158 -160 0]  timeout=1s
[master] Worker worker-3@hydra-sat task 113: count=0  avg=0.3s  next_timeout=1s
[master] Worker [worker-3@hydra-sat] requested a task
[master] Task 115 → worker-3@hydra-sat  cube=[-46 -145 -152 156 -158 160 0]  timeout=1s
[master] Worker worker-2@hydra-sat task 114: count=0  avg=0.3s  next_timeout=1s
[master] Worker [worker-2@hydra-sat] requested a task
[master] Task 116 → worker-2@hydra-sat  cube=[-46 -145 -152 156 -158 160 0]  timeout=1s
[master] Worker worker-3@hydra-sat task 115: count=0  avg=0.2s  next_timeout=1s
[master] Worker [worker-3@hydra-sat] requested a task
[master] Worker worker-2@hydra-sat task 116: count=0  avg=0.2s  next_timeout=1s
[master] Worker [worker-2@hydra-sat] requested a task
[master] Worker [worker-5@hydra-sat] requested a task
[master] Worker worker-7@hydra-sat task 60: count=0  avg=0.3s  next_timeout=1s
[master] Worker [worker-7@hydra-sat] requested a task
[master] Worker [worker-4@hydra-sat] requested a task
[master] Worker [worker-6@hydra-sat] requested a task
[master] Worker [worker-1@hydra-sat] requested a task
[master] Worker worker-0@hydra-sat TIMEOUT task 64: cube=[-46 -145 -152 -156 -158 -160] — splitting (JW)
[master] Task 117 → worker-3@hydra-sat  cube=[-46 -145 -152 -156 -158 -160 0]  timeout=1s
[master] Task 118 → worker-2@hydra-sat  cube=[-46 -145 -152 -156 -158 -160 0]  timeout=1s
[master] Worker [worker-0@hydra-sat] requested a task
[master] Worker worker-3@hydra-sat task 117: count=0  avg=0.3s  next_timeout=1s
[master] Worker worker-2@hydra-sat task 118: count=0  avg=0.3s  next_timeout=1s
[master] cnf_instances/rand3sat_160v_672c.cnf done in 23.5s — holding 3s for TUI…
[logger] failed to open log: open results/benchmark.csv: permission denied
[master] Worker [worker-3@hydra-sat] requested a task
[master] Worker [worker-2@hydra-sat] requested a task
=======================================
SOLVING COMPLETE
  File:        cnf_instances/rand3sat_160v_672c.cnf
  Model Count: 48151458
=======================================

[9/22] Loading CNF: cnf_instances/rand3sat_170v_510c.cnf
  170 vars, 510 clauses
[master] Solving cnf_instances/rand3sat_170v_510c.cnf  (64 initial cubes)
[master] Worker [worker-5@hydra-sat] requested a task
[master] Task 1 → worker-5@hydra-sat  cube=[118 136 156 165 170 0]  timeout=2147483647s
[master] Worker worker-5@hydra-sat task 1: count=0  avg=0.0s  next_timeout=1s
[master] Worker [worker-5@hydra-sat] requested a task
[master] Task 2 → worker-5@hydra-sat  cube=[118 136 156 165 170 0]  timeout=1s
[master] Worker worker-5@hydra-sat task 2: count=0  avg=0.0s  next_timeout=1s
[master] Worker [worker-5@hydra-sat] requested a task
[master] Task 3 → worker-5@hydra-sat  cube=[118 136 156 165 -170 0]  timeout=1s
[master] Worker worker-5@hydra-sat task 3: count=0  avg=0.0s  next_timeout=1s
[master] Worker [worker-5@hydra-sat] requested a task
[master] Task 4 → worker-5@hydra-sat  cube=[118 136 156 165 -170 0]  timeout=1s
[master] Worker worker-5@hydra-sat task 4: count=0  avg=0.0s  next_timeout=1s
[master] Worker [worker-5@hydra-sat] requested a task
[master] Task 5 → worker-5@hydra-sat  cube=[118 136 156 -165 170 0]  timeout=1s
[master] Worker worker-5@hydra-sat task 5: count=0  avg=0.0s  next_timeout=1s
[master] Worker [worker-5@hydra-sat] requested a task
[master] Task 6 → worker-5@hydra-sat  cube=[118 136 156 -165 170 0]  timeout=1s
[master] Worker worker-5@hydra-sat task 6: count=0  avg=0.0s  next_timeout=1s
[master] Worker [worker-5@hydra-sat] requested a task
[master] Task 7 → worker-5@hydra-sat  cube=[118 136 156 -165 -170 0]  timeout=1s
[master] Worker worker-5@hydra-sat task 7: count=0  avg=0.0s  next_timeout=1s
[master] Worker [worker-5@hydra-sat] requested a task
[master] Task 8 → worker-5@hydra-sat  cube=[118 136 156 -165 -170 0]  timeout=1s
[master] Worker worker-5@hydra-sat task 8: count=0  avg=0.0s  next_timeout=1s
[master] Worker [worker-5@hydra-sat] requested a task
[master] Task 9 → worker-5@hydra-sat  cube=[118 136 -156 165 170 0]  timeout=1s
[master] Worker worker-5@hydra-sat task 9: count=0  avg=0.0s  next_timeout=1s
[master] Worker [worker-5@hydra-sat] requested a task
[master] Task 10 → worker-5@hydra-sat  cube=[118 136 -156 165 170 0]  timeout=1s
[master] Worker worker-5@hydra-sat task 10: count=0  avg=0.0s  next_timeout=1s
[master] Worker [worker-5@hydra-sat] requested a task
[master] Task 11 → worker-5@hydra-sat  cube=[118 136 -156 165 -170 0]  timeout=1s
[master] Worker worker-5@hydra-sat task 11: count=0  avg=0.0s  next_timeout=1s
[master] Worker [worker-5@hydra-sat] requested a task
[master] Task 12 → worker-5@hydra-sat  cube=[118 136 -156 165 -170 0]  timeout=1s
[master] Worker worker-5@hydra-sat task 12: count=0  avg=0.0s  next_timeout=1s
[master] Worker [worker-5@hydra-sat] requested a task
[master] Task 13 → worker-5@hydra-sat  cube=[118 136 -156 -165 170 0]  timeout=1s
[master] Worker worker-5@hydra-sat task 13: count=0  avg=0.0s  next_timeout=1s
[master] Worker [worker-5@hydra-sat] requested a task
[master] Task 14 → worker-5@hydra-sat  cube=[118 136 -156 -165 170 0]  timeout=1s
[master] Worker worker-5@hydra-sat task 14: count=0  avg=0.0s  next_timeout=1s
[master] Worker [worker-5@hydra-sat] requested a task
[master] Task 15 → worker-5@hydra-sat  cube=[118 136 -156 -165 -170 0]  timeout=1s
[master] Worker worker-5@hydra-sat task 15: count=0  avg=0.0s  next_timeout=1s
[master] Worker [worker-5@hydra-sat] requested a task
[master] Task 16 → worker-5@hydra-sat  cube=[118 136 -156 -165 -170 0]  timeout=1s
[master] Worker worker-5@hydra-sat task 16: count=0  avg=0.0s  next_timeout=1s
[master] Worker [worker-5@hydra-sat] requested a task
[master] Task 17 → worker-5@hydra-sat  cube=[118 -136 156 165 170 0]  timeout=1s
[master] Worker worker-5@hydra-sat task 17: count=0  avg=0.0s  next_timeout=1s
[master] Worker [worker-5@hydra-sat] requested a task
[master] Task 18 → worker-5@hydra-sat  cube=[118 -136 156 165 170 0]  timeout=1s
[master] Worker worker-5@hydra-sat task 18: count=0  avg=0.0s  next_timeout=1s
[master] Worker [worker-5@hydra-sat] requested a task
[master] Task 19 → worker-5@hydra-sat  cube=[118 -136 156 165 -170 0]  timeout=1s
[master] Worker worker-5@hydra-sat task 19: count=0  avg=0.0s  next_timeout=1s
[master] Worker [worker-5@hydra-sat] requested a task
[master] Task 20 → worker-5@hydra-sat  cube=[118 -136 156 165 -170 0]  timeout=1s
[master] Worker worker-5@hydra-sat task 20: count=0  avg=0.0s  next_timeout=1s
[master] Worker [worker-5@hydra-sat] requested a task
[master] Task 21 → worker-5@hydra-sat  cube=[118 -136 156 -165 170 0]  timeout=1s
[master] Worker worker-5@hydra-sat task 21: count=0  avg=0.0s  next_timeout=1s
[master] Worker [worker-5@hydra-sat] requested a task
[master] Task 22 → worker-5@hydra-sat  cube=[118 -136 156 -165 170 0]  timeout=1s
[master] Worker worker-5@hydra-sat task 22: count=0  avg=0.0s  next_timeout=1s
[master] Worker [worker-5@hydra-sat] requested a task
[master] Task 23 → worker-5@hydra-sat  cube=[118 -136 156 -165 -170 0]  timeout=1s
[master] Worker worker-5@hydra-sat task 23: count=0  avg=0.0s  next_timeout=1s
[master] Worker [worker-5@hydra-sat] requested a task
[master] Task 24 → worker-5@hydra-sat  cube=[118 -136 156 -165 -170 0]  timeout=1s
[master] Worker worker-5@hydra-sat task 24: count=0  avg=0.0s  next_timeout=1s
[master] Worker [worker-5@hydra-sat] requested a task
[master] Task 25 → worker-5@hydra-sat  cube=[118 -136 -156 165 170 0]  timeout=1s
[master] Worker worker-5@hydra-sat task 25: count=0  avg=0.0s  next_timeout=1s
[master] Worker [worker-5@hydra-sat] requested a task
[master] Task 26 → worker-5@hydra-sat  cube=[118 -136 -156 165 170 0]  timeout=1s
[master] Worker worker-5@hydra-sat task 26: count=0  avg=0.0s  next_timeout=1s
[master] Worker [worker-5@hydra-sat] requested a task
[master] Task 27 → worker-5@hydra-sat  cube=[118 -136 -156 165 -170 0]  timeout=1s
[master] Worker worker-5@hydra-sat task 27: count=0  avg=0.0s  next_timeout=1s
[master] Worker [worker-5@hydra-sat] requested a task
[master] Task 28 → worker-5@hydra-sat  cube=[118 -136 -156 165 -170 0]  timeout=1s
[master] Worker worker-5@hydra-sat task 28: count=0  avg=0.0s  next_timeout=1s
[master] Worker [worker-5@hydra-sat] requested a task
[master] Task 29 → worker-5@hydra-sat  cube=[118 -136 -156 -165 170 0]  timeout=1s
[master] Worker worker-5@hydra-sat task 29: count=0  avg=0.0s  next_timeout=1s
[master] Worker [worker-5@hydra-sat] requested a task
[master] Task 30 → worker-5@hydra-sat  cube=[118 -136 -156 -165 170 0]  timeout=1s
[master] Worker worker-5@hydra-sat task 30: count=0  avg=0.0s  next_timeout=1s
[master] Worker [worker-5@hydra-sat] requested a task
[master] Task 31 → worker-5@hydra-sat  cube=[118 -136 -156 -165 -170 0]  timeout=1s
[master] Worker worker-5@hydra-sat task 31: count=0  avg=0.0s  next_timeout=1s
[master] Worker [worker-5@hydra-sat] requested a task
[master] Task 32 → worker-5@hydra-sat  cube=[118 -136 -156 -165 -170 0]  timeout=1s
[master] Worker worker-5@hydra-sat task 32: count=0  avg=0.0s  next_timeout=1s
[master] Worker [worker-5@hydra-sat] requested a task
[master] Task 33 → worker-5@hydra-sat  cube=[-118 136 156 165 170 0]  timeout=1s
[master] Worker worker-5@hydra-sat task 33: count=0  avg=0.0s  next_timeout=1s
[master] Worker [worker-5@hydra-sat] requested a task
[master] Task 34 → worker-5@hydra-sat  cube=[-118 136 156 165 170 0]  timeout=1s
[master] Worker worker-5@hydra-sat task 34: count=0  avg=0.0s  next_timeout=1s
[master] Worker [worker-5@hydra-sat] requested a task
[master] Task 35 → worker-5@hydra-sat  cube=[-118 136 156 165 -170 0]  timeout=1s
[master] Worker worker-5@hydra-sat task 35: count=0  avg=0.0s  next_timeout=1s
[master] Worker [worker-5@hydra-sat] requested a task
[master] Task 36 → worker-5@hydra-sat  cube=[-118 136 156 165 -170 0]  timeout=1s
[master] Worker worker-5@hydra-sat task 36: count=0  avg=0.0s  next_timeout=1s
[master] Worker [worker-5@hydra-sat] requested a task
[master] Task 37 → worker-5@hydra-sat  cube=[-118 136 156 -165 170 0]  timeout=1s
[master] Worker worker-5@hydra-sat task 37: count=0  avg=0.0s  next_timeout=1s
[master] Worker [worker-5@hydra-sat] requested a task
[master] Task 38 → worker-5@hydra-sat  cube=[-118 136 156 -165 170 0]  timeout=1s
[master] Worker worker-5@hydra-sat task 38: count=0  avg=0.0s  next_timeout=1s
[master] Worker [worker-5@hydra-sat] requested a task
[master] Task 39 → worker-5@hydra-sat  cube=[-118 136 156 -165 -170 0]  timeout=1s
[master] Worker worker-5@hydra-sat task 39: count=0  avg=0.0s  next_timeout=1s
[master] Worker [worker-5@hydra-sat] requested a task
[master] Task 40 → worker-5@hydra-sat  cube=[-118 136 156 -165 -170 0]  timeout=1s
[master] Worker worker-5@hydra-sat task 40: count=0  avg=0.0s  next_timeout=1s
[master] Worker [worker-5@hydra-sat] requested a task
[master] Task 41 → worker-5@hydra-sat  cube=[-118 136 -156 165 170 0]  timeout=1s
[master] Worker worker-5@hydra-sat task 41: count=0  avg=0.0s  next_timeout=1s
[master] Worker [worker-5@hydra-sat] requested a task
[master] Task 42 → worker-5@hydra-sat  cube=[-118 136 -156 165 170 0]  timeout=1s
[master] Worker worker-5@hydra-sat task 42: count=0  avg=0.0s  next_timeout=1s
[master] Worker [worker-5@hydra-sat] requested a task
[master] Task 43 → worker-5@hydra-sat  cube=[-118 136 -156 165 -170 0]  timeout=1s
[master] Worker worker-5@hydra-sat task 43: count=0  avg=0.0s  next_timeout=1s
[master] Worker [worker-5@hydra-sat] requested a task
[master] Task 44 → worker-5@hydra-sat  cube=[-118 136 -156 165 -170 0]  timeout=1s
[master] Worker worker-5@hydra-sat task 44: count=0  avg=0.0s  next_timeout=1s
[master] Worker [worker-5@hydra-sat] requested a task
[master] Task 45 → worker-5@hydra-sat  cube=[-118 136 -156 -165 170 0]  timeout=1s
[master] Worker worker-5@hydra-sat task 45: count=0  avg=0.0s  next_timeout=1s
[master] Worker [worker-5@hydra-sat] requested a task
[master] Task 46 → worker-5@hydra-sat  cube=[-118 136 -156 -165 170 0]  timeout=1s
[master] Worker worker-5@hydra-sat task 46: count=0  avg=0.0s  next_timeout=1s
[master] Worker [worker-5@hydra-sat] requested a task
[master] Task 47 → worker-5@hydra-sat  cube=[-118 136 -156 -165 -170 0]  timeout=1s
[master] Worker worker-5@hydra-sat task 47: count=0  avg=0.0s  next_timeout=1s
[master] Worker [worker-5@hydra-sat] requested a task
[master] Task 48 → worker-5@hydra-sat  cube=[-118 136 -156 -165 -170 0]  timeout=1s
[master] Worker worker-5@hydra-sat task 48: count=0  avg=0.0s  next_timeout=1s
[master] Worker [worker-5@hydra-sat] requested a task
[master] Task 49 → worker-5@hydra-sat  cube=[-118 -136 156 165 170 0]  timeout=1s
[master] Worker worker-5@hydra-sat task 49: count=0  avg=0.0s  next_timeout=1s
[master] Worker [worker-5@hydra-sat] requested a task
[master] Task 50 → worker-5@hydra-sat  cube=[-118 -136 156 165 170 0]  timeout=1s
[master] Worker worker-5@hydra-sat task 50: count=0  avg=0.0s  next_timeout=1s
[master] Worker [worker-5@hydra-sat] requested a task
[master] Task 51 → worker-5@hydra-sat  cube=[-118 -136 156 165 -170 0]  timeout=1s
[master] Worker worker-5@hydra-sat task 51: count=0  avg=0.0s  next_timeout=1s
[master] Worker [worker-5@hydra-sat] requested a task
[master] Task 52 → worker-5@hydra-sat  cube=[-118 -136 156 165 -170 0]  timeout=1s
[master] Worker worker-5@hydra-sat task 52: count=0  avg=0.0s  next_timeout=1s
[master] Worker [worker-5@hydra-sat] requested a task
[master] Task 53 → worker-5@hydra-sat  cube=[-118 -136 156 -165 170 0]  timeout=1s
[master] Worker worker-5@hydra-sat task 53: count=0  avg=0.0s  next_timeout=1s
[master] Worker [worker-5@hydra-sat] requested a task
[master] Task 54 → worker-5@hydra-sat  cube=[-118 -136 156 -165 170 0]  timeout=1s
[master] Worker worker-5@hydra-sat task 54: count=0  avg=0.0s  next_timeout=1s
[master] Worker [worker-5@hydra-sat] requested a task
[master] Task 55 → worker-5@hydra-sat  cube=[-118 -136 156 -165 -170 0]  timeout=1s
[master] Worker worker-5@hydra-sat task 55: count=0  avg=0.0s  next_timeout=1s
[master] Worker [worker-5@hydra-sat] requested a task
[master] Task 56 → worker-5@hydra-sat  cube=[-118 -136 156 -165 -170 0]  timeout=1s
[master] Worker worker-5@hydra-sat task 56: count=0  avg=0.0s  next_timeout=1s
[master] Worker [worker-5@hydra-sat] requested a task
[master] Task 57 → worker-5@hydra-sat  cube=[-118 -136 -156 165 170 0]  timeout=1s
[master] Worker worker-5@hydra-sat task 57: count=0  avg=0.0s  next_timeout=1s
[master] Worker [worker-5@hydra-sat] requested a task
[master] Task 58 → worker-5@hydra-sat  cube=[-118 -136 -156 165 170 0]  timeout=1s
[master] Worker worker-5@hydra-sat task 58: count=0  avg=0.0s  next_timeout=1s
[master] Worker [worker-5@hydra-sat] requested a task
[master] Task 59 → worker-5@hydra-sat  cube=[-118 -136 -156 165 -170 0]  timeout=1s
[master] Worker worker-5@hydra-sat task 59: count=0  avg=0.0s  next_timeout=1s
[master] Worker [worker-5@hydra-sat] requested a task
[master] Task 60 → worker-5@hydra-sat  cube=[-118 -136 -156 165 -170 0]  timeout=1s
[master] Worker worker-5@hydra-sat task 60: count=0  avg=0.0s  next_timeout=1s
[master] Worker [worker-5@hydra-sat] requested a task
[master] Task 61 → worker-5@hydra-sat  cube=[-118 -136 -156 -165 170 0]  timeout=1s
[master] Worker worker-5@hydra-sat task 61: count=0  avg=0.0s  next_timeout=1s
[master] Worker [worker-5@hydra-sat] requested a task
[master] Task 62 → worker-5@hydra-sat  cube=[-118 -136 -156 -165 170 0]  timeout=1s
[master] Worker worker-5@hydra-sat task 62: count=0  avg=0.0s  next_timeout=1s
[master] Worker [worker-5@hydra-sat] requested a task
[master] Task 63 → worker-5@hydra-sat  cube=[-118 -136 -156 -165 -170 0]  timeout=1s
[master] Worker worker-5@hydra-sat task 63: count=0  avg=0.0s  next_timeout=1s
[master] Worker [worker-5@hydra-sat] requested a task
[master] Task 64 → worker-5@hydra-sat  cube=[-118 -136 -156 -165 -170 0]  timeout=1s
[master] Worker worker-5@hydra-sat task 64: count=0  avg=0.0s  next_timeout=1s
[master] cnf_instances/rand3sat_170v_510c.cnf done in 3.0s — holding 3s for TUI…
[logger] failed to open log: open results/benchmark.csv: permission denied
[master] Worker [worker-5@hydra-sat] requested a task
[master] Worker [worker-7@hydra-sat] requested a task
[master] Worker [worker-6@hydra-sat] requested a task
[master] Worker [worker-4@hydra-sat] requested a task
[master] Worker [worker-1@hydra-sat] requested a task
[master] Worker [worker-0@hydra-sat] requested a task
[master] Worker [worker-3@hydra-sat] requested a task
[master] Worker [worker-2@hydra-sat] requested a task
=======================================
SOLVING COMPLETE
  File:        cnf_instances/rand3sat_170v_510c.cnf
  Model Count: 0
=======================================

[10/22] Loading CNF: cnf_instances/rand3sat_170v_714c.cnf
  170 vars, 714 clauses
[master] Solving cnf_instances/rand3sat_170v_714c.cnf  (64 initial cubes)
[master] Worker [worker-5@hydra-sat] requested a task
[master] Task 1 → worker-5@hydra-sat  cube=[91 136 156 165 167 169]  timeout=2147483647s
[master] Worker [worker-7@hydra-sat] requested a task
[master] Task 2 → worker-7@hydra-sat  cube=[91 136 156 165 167 -169]  timeout=2147483647s
[master] Worker [worker-6@hydra-sat] requested a task
[master] Worker [worker-1@hydra-sat] requested a task
[master] Task 3 → worker-6@hydra-sat  cube=[91 136 156 165 -167 169]  timeout=2147483647s
[master] Task 4 → worker-1@hydra-sat  cube=[91 136 156 165 -167 -169]  timeout=2147483647s
[master] Worker worker-6@hydra-sat task 3: count=0  avg=0.0s  next_timeout=1s
[master] Worker [worker-6@hydra-sat] requested a task
[master] Task 5 → worker-6@hydra-sat  cube=[91 136 156 -165 167 169]  timeout=1s
[master] Worker worker-1@hydra-sat task 4: count=0  avg=0.0s  next_timeout=1s
[master] Worker [worker-1@hydra-sat] requested a task
[master] Task 6 → worker-1@hydra-sat  cube=[91 136 156 -165 167 -169]  timeout=1s
[master] Worker worker-6@hydra-sat TIMEOUT task 5: cube=[91 136 156 -165 167 169] — splitting (JW)
[master] Worker worker-1@hydra-sat TIMEOUT task 6: cube=[91 136 156 -165 167 -169] — splitting (JW)
[master] Worker [worker-6@hydra-sat] requested a task
[master] Task 7 → worker-6@hydra-sat  cube=[91 136 156 -165 -167 169]  timeout=1s
[master] Worker [worker-1@hydra-sat] requested a task
[master] Task 8 → worker-1@hydra-sat  cube=[91 136 156 -165 -167 -169]  timeout=1s
[master] Worker worker-6@hydra-sat task 7: count=0  avg=0.0s  next_timeout=1s
[master] Worker [worker-6@hydra-sat] requested a task
[master] Task 9 → worker-6@hydra-sat  cube=[91 136 -156 165 167 169]  timeout=1s
[master] Worker worker-1@hydra-sat task 8: count=0  avg=0.0s  next_timeout=1s
[master] Worker [worker-1@hydra-sat] requested a task
[master] Task 10 → worker-1@hydra-sat  cube=[91 136 -156 165 167 -169]  timeout=1s
[master] Worker worker-5@hydra-sat task 1: count=0  avg=0.4s  next_timeout=1s
[master] Worker [worker-5@hydra-sat] requested a task
[master] Task 11 → worker-5@hydra-sat  cube=[91 136 -156 165 -167 169]  timeout=1s
[master] Worker worker-6@hydra-sat TIMEOUT task 9: cube=[91 136 -156 165 167 169] — splitting (JW)
[master] Worker worker-1@hydra-sat TIMEOUT task 10: cube=[91 136 -156 165 167 -169] — splitting (JW)
[master] Worker [worker-6@hydra-sat] requested a task
[master] Task 12 → worker-6@hydra-sat  cube=[91 136 -156 165 -167 -169]  timeout=1s
[master] Worker [worker-1@hydra-sat] requested a task
[master] Task 13 → worker-1@hydra-sat  cube=[91 136 -156 -165 167 169]  timeout=1s
[master] Worker worker-5@hydra-sat TIMEOUT task 11: cube=[91 136 -156 165 -167 169] — splitting (JW)
[master] Worker [worker-0@hydra-sat] requested a task
[master] Task 14 → worker-0@hydra-sat  cube=[91 136 -156 -165 167 -169]  timeout=1s
[master] Worker worker-6@hydra-sat TIMEOUT task 12: cube=[91 136 -156 165 -167 -169] — splitting (JW)
[master] Worker worker-1@hydra-sat TIMEOUT task 13: cube=[91 136 -156 -165 167 169] — splitting (JW)
[master] Worker [worker-6@hydra-sat] requested a task
[master] Task 15 → worker-6@hydra-sat  cube=[91 136 -156 -165 -167 169]  timeout=1s
[master] Worker [worker-1@hydra-sat] requested a task
[master] Task 16 → worker-1@hydra-sat  cube=[91 136 -156 -165 -167 -169]  timeout=1s
[master] Worker worker-7@hydra-sat task 2: count=0  avg=0.9s  next_timeout=2s
[master] Worker [worker-7@hydra-sat] requested a task
[master] Task 17 → worker-7@hydra-sat  cube=[91 -136 156 165 167 169]  timeout=2s
[master] Worker worker-0@hydra-sat TIMEOUT task 14: cube=[91 136 -156 -165 167 -169] — splitting (JW)
[master] Worker [worker-0@hydra-sat] requested a task
[master] Task 18 → worker-0@hydra-sat  cube=[91 -136 156 165 167 -169]  timeout=2s
[master] Worker worker-6@hydra-sat TIMEOUT task 15: cube=[91 136 -156 -165 -167 169] — splitting (JW)
[master] Worker [worker-6@hydra-sat] requested a task
[master] Task 19 → worker-6@hydra-sat  cube=[91 -136 156 165 -167 169]  timeout=2s
[master] Worker worker-6@hydra-sat task 19: count=0  avg=0.8s  next_timeout=2s
[master] Worker [worker-6@hydra-sat] requested a task
[master] Task 20 → worker-6@hydra-sat  cube=[91 -136 156 165 -167 -169]  timeout=2s
[master] Worker worker-1@hydra-sat TIMEOUT task 16: cube=[91 136 -156 -165 -167 -169] — splitting (JW)
[master] Worker [worker-1@hydra-sat] requested a task
[master] Task 21 → worker-1@hydra-sat  cube=[91 -136 156 -165 167 169]  timeout=2s
[master] Worker worker-7@hydra-sat TIMEOUT task 17: cube=[91 -136 156 165 167 169] — splitting (JW)
[master] Worker [worker-7@hydra-sat] requested a task
[master] Task 22 → worker-7@hydra-sat  cube=[91 -136 156 -165 167 -169]  timeout=2s
[master] Worker worker-0@hydra-sat TIMEOUT task 18: cube=[91 -136 156 165 167 -169] — splitting (JW)
[master] Worker [worker-0@hydra-sat] requested a task
[master] Task 23 → worker-0@hydra-sat  cube=[91 -136 156 -165 -167 169]  timeout=2s
[master] Worker worker-0@hydra-sat task 23: count=0  avg=0.7s  next_timeout=2s
[master] Worker [worker-0@hydra-sat] requested a task
[master] Task 24 → worker-0@hydra-sat  cube=[91 -136 156 -165 -167 -169]  timeout=2s
[master] Worker worker-0@hydra-sat task 24: count=0  avg=0.6s  next_timeout=2s
[master] Worker [worker-0@hydra-sat] requested a task
[master] Task 25 → worker-0@hydra-sat  cube=[91 -136 -156 165 167 169]  timeout=2s
[master] Worker worker-6@hydra-sat TIMEOUT task 20: cube=[91 -136 156 165 -167 -169] — splitting (JW)
[master] Worker [worker-6@hydra-sat] requested a task
[master] Task 26 → worker-6@hydra-sat  cube=[91 -136 -156 165 167 -169]  timeout=2s
[master] Worker worker-1@hydra-sat TIMEOUT task 21: cube=[91 -136 156 -165 167 169] — splitting (JW)
[master] Worker [worker-1@hydra-sat] requested a task
[master] Task 27 → worker-1@hydra-sat  cube=[91 -136 -156 165 -167 169]  timeout=2s
[master] Worker worker-1@hydra-sat task 27: count=0  avg=0.5s  next_timeout=2s
[master] Worker [worker-1@hydra-sat] requested a task
[master] Task 28 → worker-1@hydra-sat  cube=[91 -136 -156 165 -167 -169]  timeout=2s
[master] Worker worker-7@hydra-sat TIMEOUT task 22: cube=[91 -136 156 -165 167 -169] — splitting (JW)
[master] Worker [worker-7@hydra-sat] requested a task
[master] Task 29 → worker-7@hydra-sat  cube=[91 -136 -156 -165 167 169]  timeout=2s
[master] Worker worker-0@hydra-sat TIMEOUT task 25: cube=[91 -136 -156 165 167 169] — splitting (JW)
[master] Worker [worker-0@hydra-sat] requested a task
[master] Task 30 → worker-0@hydra-sat  cube=[91 -136 -156 -165 167 -169]  timeout=2s
[master] Worker worker-6@hydra-sat TIMEOUT task 26: cube=[91 -136 -156 165 167 -169] — splitting (JW)
[master] Worker [worker-6@hydra-sat] requested a task
[master] Task 31 → worker-6@hydra-sat  cube=[91 -136 -156 -165 -167 169]  timeout=2s
[master] Worker worker-6@hydra-sat task 31: count=0  avg=0.5s  next_timeout=1s
[master] Worker [worker-6@hydra-sat] requested a task
[master] Task 32 → worker-6@hydra-sat  cube=[91 -136 -156 -165 -167 -169]  timeout=1s
[master] Worker worker-1@hydra-sat TIMEOUT task 28: cube=[91 -136 -156 165 -167 -169] — splitting (JW)
[master] Worker [worker-1@hydra-sat] requested a task
[master] Task 33 → worker-1@hydra-sat  cube=[-91 136 156 165 167 169]  timeout=1s
[master] Worker worker-6@hydra-sat task 32: count=0  avg=0.5s  next_timeout=1s
[master] Worker [worker-6@hydra-sat] requested a task
[master] Task 34 → worker-6@hydra-sat  cube=[-91 136 156 165 167 -169]  timeout=1s
[master] Worker worker-1@hydra-sat TIMEOUT task 33: cube=[-91 136 156 165 167 169] — splitting (JW)
[master] Worker [worker-1@hydra-sat] requested a task
[master] Task 35 → worker-1@hydra-sat  cube=[-91 136 156 165 -167 169]  timeout=1s
[master] Worker worker-6@hydra-sat TIMEOUT task 34: cube=[-91 136 156 165 167 -169] — splitting (JW)
[master] Worker [worker-6@hydra-sat] requested a task
[master] Task 36 → worker-6@hydra-sat  cube=[-91 136 156 165 -167 -169]  timeout=1s
[master] Worker worker-6@hydra-sat task 36: count=0  avg=0.4s  next_timeout=1s
[master] Worker [worker-6@hydra-sat] requested a task
[master] Task 37 → worker-6@hydra-sat  cube=[-91 136 156 -165 167 169]  timeout=1s
[master] Worker worker-7@hydra-sat TIMEOUT task 29: cube=[91 -136 -156 -165 167 169] — splitting (JW)
[master] Worker [worker-7@hydra-sat] requested a task
[master] Task 38 → worker-7@hydra-sat  cube=[-91 136 156 -165 167 -169]  timeout=1s
[master] Worker worker-0@hydra-sat TIMEOUT task 30: cube=[91 -136 -156 -165 167 -169] — splitting (JW)
[master] Worker [worker-0@hydra-sat] requested a task
[master] Task 39 → worker-0@hydra-sat  cube=[-91 136 156 -165 -167 169]  timeout=1s
[master] Worker worker-1@hydra-sat TIMEOUT task 35: cube=[-91 136 156 165 -167 169] — splitting (JW)
[master] Worker [worker-1@hydra-sat] requested a task
[master] Task 40 → worker-1@hydra-sat  cube=[-91 136 156 -165 -167 -169]  timeout=1s
[master] Worker worker-1@hydra-sat task 40: count=0  avg=0.4s  next_timeout=1s
[master] Worker [worker-1@hydra-sat] requested a task
[master] Task 41 → worker-1@hydra-sat  cube=[-91 136 -156 165 167 169]  timeout=1s
[master] Worker worker-6@hydra-sat TIMEOUT task 37: cube=[-91 136 156 -165 167 169] — splitting (JW)
[master] Worker [worker-6@hydra-sat] requested a task
[master] Task 42 → worker-6@hydra-sat  cube=[-91 136 -156 165 167 -169]  timeout=1s
[master] Worker worker-7@hydra-sat TIMEOUT task 38: cube=[-91 136 156 -165 167 -169] — splitting (JW)
[master] Worker [worker-7@hydra-sat] requested a task
[master] Task 43 → worker-7@hydra-sat  cube=[-91 136 -156 165 -167 169]  timeout=1s
[master] Worker worker-0@hydra-sat TIMEOUT task 39: cube=[-91 136 156 -165 -167 169] — splitting (JW)
[master] Worker [worker-0@hydra-sat] requested a task
[master] Task 44 → worker-0@hydra-sat  cube=[-91 136 -156 165 -167 -169]  timeout=1s
[master] Worker worker-1@hydra-sat TIMEOUT task 41: cube=[-91 136 -156 165 167 169] — splitting (JW)
[master] Worker [worker-1@hydra-sat] requested a task
[master] Task 45 → worker-1@hydra-sat  cube=[-91 136 -156 -165 167 169]  timeout=1s
[master] Worker worker-6@hydra-sat TIMEOUT task 42: cube=[-91 136 -156 165 167 -169] — splitting (JW)
[master] Worker [worker-6@hydra-sat] requested a task
[master] Task 46 → worker-6@hydra-sat  cube=[-91 136 -156 -165 167 -169]  timeout=1s
[master] Worker worker-7@hydra-sat TIMEOUT task 43: cube=[-91 136 -156 165 -167 169] — splitting (JW)
[master] Worker [worker-7@hydra-sat] requested a task
[master] Task 47 → worker-7@hydra-sat  cube=[-91 136 -156 -165 -167 169]  timeout=1s
[master] Worker worker-0@hydra-sat TIMEOUT task 44: cube=[-91 136 -156 165 -167 -169] — splitting (JW)
[master] Worker [worker-0@hydra-sat] requested a task
[master] Task 48 → worker-0@hydra-sat  cube=[-91 136 -156 -165 -167 -169]  timeout=1s
[master] Worker worker-1@hydra-sat TIMEOUT task 45: cube=[-91 136 -156 -165 167 169] — splitting (JW)
[master] Worker [worker-1@hydra-sat] requested a task
[master] Task 49 → worker-1@hydra-sat  cube=[-91 -136 156 165 167 169]  timeout=1s
[master] Worker worker-6@hydra-sat TIMEOUT task 46: cube=[-91 136 -156 -165 167 -169] — splitting (JW)
[master] Worker [worker-6@hydra-sat] requested a task
[master] Task 50 → worker-6@hydra-sat  cube=[-91 -136 156 165 167 -169]  timeout=1s
[master] Worker worker-7@hydra-sat TIMEOUT task 47: cube=[-91 136 -156 -165 -167 169] — splitting (JW)
[master] Worker [worker-7@hydra-sat] requested a task
[master] Task 51 → worker-7@hydra-sat  cube=[-91 -136 156 165 -167 169]  timeout=1s
[master] Worker worker-0@hydra-sat TIMEOUT task 48: cube=[-91 136 -156 -165 -167 -169] — splitting (JW)
[master] Worker [worker-0@hydra-sat] requested a task
[master] Task 52 → worker-0@hydra-sat  cube=[-91 -136 156 165 -167 -169]  timeout=1s
[master] Worker worker-1@hydra-sat TIMEOUT task 49: cube=[-91 -136 156 165 167 169] — splitting (JW)
[master] Worker [worker-1@hydra-sat] requested a task
[master] Task 53 → worker-1@hydra-sat  cube=[-91 -136 156 -165 167 169]  timeout=1s
[master] Worker worker-6@hydra-sat TIMEOUT task 50: cube=[-91 -136 156 165 167 -169] — splitting (JW)
[master] Worker [worker-6@hydra-sat] requested a task
[master] Task 54 → worker-6@hydra-sat  cube=[-91 -136 156 -165 167 -169]  timeout=1s
[master] Worker worker-7@hydra-sat TIMEOUT task 51: cube=[-91 -136 156 165 -167 169] — splitting (JW)
[master] Worker [worker-7@hydra-sat] requested a task
[master] Task 55 → worker-7@hydra-sat  cube=[-91 -136 156 -165 -167 169]  timeout=1s
[master] Worker worker-0@hydra-sat TIMEOUT task 52: cube=[-91 -136 156 165 -167 -169] — splitting (JW)
[master] Worker [worker-0@hydra-sat] requested a task
[master] Task 56 → worker-0@hydra-sat  cube=[-91 -136 156 -165 -167 -169]  timeout=1s
[master] Worker worker-0@hydra-sat task 56: count=0  avg=0.4s  next_timeout=1s
[master] Worker [worker-0@hydra-sat] requested a task
[master] Task 57 → worker-0@hydra-sat  cube=[-91 -136 -156 165 167 169]  timeout=1s
[master] Worker worker-1@hydra-sat TIMEOUT task 53: cube=[-91 -136 156 -165 167 169] — splitting (JW)
[master] Worker [worker-1@hydra-sat] requested a task
[master] Task 58 → worker-1@hydra-sat  cube=[-91 -136 -156 165 167 -169]  timeout=1s
[master] Worker worker-6@hydra-sat TIMEOUT task 54: cube=[-91 -136 156 -165 167 -169] — splitting (JW)
[master] Worker [worker-6@hydra-sat] requested a task
[master] Task 59 → worker-6@hydra-sat  cube=[-91 -136 -156 165 -167 169]  timeout=1s
[master] Worker worker-7@hydra-sat TIMEOUT task 55: cube=[-91 -136 156 -165 -167 169] — splitting (JW)
[master] Worker [worker-7@hydra-sat] requested a task
[master] Task 60 → worker-7@hydra-sat  cube=[-91 -136 -156 165 -167 -169]  timeout=1s
[master] Worker worker-7@hydra-sat task 60: count=0  avg=0.3s  next_timeout=1s
[master] Worker [worker-7@hydra-sat] requested a task
[master] Task 61 → worker-7@hydra-sat  cube=[-91 -136 -156 -165 167 169]  timeout=1s
[master] Worker worker-0@hydra-sat TIMEOUT task 57: cube=[-91 -136 -156 165 167 169] — splitting (JW)
[master] Worker [worker-0@hydra-sat] requested a task
[master] Task 62 → worker-0@hydra-sat  cube=[-91 -136 -156 -165 167 -169]  timeout=1s
[master] Worker worker-1@hydra-sat TIMEOUT task 58: cube=[-91 -136 -156 165 167 -169] — splitting (JW)
[master] Worker [worker-1@hydra-sat] requested a task
[master] Task 63 → worker-1@hydra-sat  cube=[-91 -136 -156 -165 -167 169]  timeout=1s
[master] Worker worker-6@hydra-sat TIMEOUT task 59: cube=[-91 -136 -156 165 -167 169] — splitting (JW)
[master] Worker [worker-6@hydra-sat] requested a task
[master] Task 64 → worker-6@hydra-sat  cube=[-91 -136 -156 -165 -167 -169]  timeout=1s
[master] Worker worker-6@hydra-sat task 64: count=0  avg=0.3s  next_timeout=1s
[master] Worker [worker-6@hydra-sat] requested a task
[master] Task 65 → worker-6@hydra-sat  cube=[91 136 156 -165 167 169 170]  timeout=1s
[master] Worker worker-7@hydra-sat TIMEOUT task 61: cube=[-91 -136 -156 -165 167 169] — splitting (JW)
[master] Worker [worker-7@hydra-sat] requested a task
[master] Task 66 → worker-7@hydra-sat  cube=[91 136 156 -165 167 169 -170]  timeout=1s
[master] Worker worker-0@hydra-sat TIMEOUT task 62: cube=[-91 -136 -156 -165 167 -169] — splitting (JW)
[master] Worker [worker-0@hydra-sat] requested a task
[master] Task 67 → worker-0@hydra-sat  cube=[91 136 156 -165 167 -169 170]  timeout=1s
[master] Worker worker-1@hydra-sat TIMEOUT task 63: cube=[-91 -136 -156 -165 -167 169] — splitting (JW)
[master] Worker [worker-1@hydra-sat] requested a task
[master] Task 68 → worker-1@hydra-sat  cube=[91 136 156 -165 167 -169 -170]  timeout=1s
[master] Worker worker-6@hydra-sat TIMEOUT task 65: cube=[91 136 156 -165 167 169 170] — splitting (JW)
[master] Worker [worker-6@hydra-sat] requested a task
[master] Task 69 → worker-6@hydra-sat  cube=[91 136 -156 165 167 169 170]  timeout=1s
[master] Worker worker-7@hydra-sat TIMEOUT task 66: cube=[91 136 156 -165 167 169 -170] — splitting (JW)
[master] Worker [worker-7@hydra-sat] requested a task
[master] Task 70 → worker-7@hydra-sat  cube=[91 136 -156 165 167 169 -170]  timeout=1s
[master] Worker worker-7@hydra-sat task 70: count=0  avg=0.3s  next_timeout=1s
[master] Worker [worker-7@hydra-sat] requested a task
[master] Task 71 → worker-7@hydra-sat  cube=[91 136 -156 165 167 -169 170]  timeout=1s
[master] Worker worker-0@hydra-sat TIMEOUT task 67: cube=[91 136 156 -165 167 -169 170] — splitting (JW)
[master] Worker [worker-0@hydra-sat] requested a task
[master] Task 72 → worker-0@hydra-sat  cube=[91 136 -156 165 167 -169 -170]  timeout=1s
[master] Worker worker-1@hydra-sat TIMEOUT task 68: cube=[91 136 156 -165 167 -169 -170] — splitting (JW)
[master] Worker [worker-1@hydra-sat] requested a task
[master] Task 73 → worker-1@hydra-sat  cube=[91 136 -156 165 -167 169 170]  timeout=1s
[master] Worker worker-1@hydra-sat task 73: count=0  avg=0.3s  next_timeout=1s
[master] Worker [worker-1@hydra-sat] requested a task
[master] Task 74 → worker-1@hydra-sat  cube=[91 136 -156 165 -167 169 -170]  timeout=1s
[master] Worker worker-6@hydra-sat TIMEOUT task 69: cube=[91 136 -156 165 167 169 170] — splitting (JW)
[master] Worker [worker-6@hydra-sat] requested a task
[master] Task 75 → worker-6@hydra-sat  cube=[91 136 -156 165 -167 -169 170]  timeout=1s
[master] Worker worker-1@hydra-sat task 74: count=0  avg=0.3s  next_timeout=1s
[master] Worker [worker-1@hydra-sat] requested a task
[master] Task 76 → worker-1@hydra-sat  cube=[91 136 -156 165 -167 -169 -170]  timeout=1s
[master] Worker worker-1@hydra-sat task 76: count=0  avg=0.3s  next_timeout=1s
[master] Worker [worker-1@hydra-sat] requested a task
[master] Task 77 → worker-1@hydra-sat  cube=[91 136 -156 -165 167 169 170]  timeout=1s
[master] Worker worker-7@hydra-sat TIMEOUT task 71: cube=[91 136 -156 165 167 -169 170] — splitting (JW)
[master] Worker [worker-7@hydra-sat] requested a task
[master] Task 78 → worker-7@hydra-sat  cube=[91 136 -156 -165 167 169 -170]  timeout=1s
[master] Worker worker-0@hydra-sat TIMEOUT task 72: cube=[91 136 -156 165 167 -169 -170] — splitting (JW)
[master] Worker [worker-0@hydra-sat] requested a task
[master] Task 79 → worker-0@hydra-sat  cube=[91 136 -156 -165 167 -169 170]  timeout=1s
[master] Worker worker-6@hydra-sat TIMEOUT task 75: cube=[91 136 -156 165 -167 -169 170] — splitting (JW)
[master] Worker [worker-6@hydra-sat] requested a task
[master] Task 80 → worker-6@hydra-sat  cube=[91 136 -156 -165 167 -169 -170]  timeout=1s
[master] Worker worker-1@hydra-sat TIMEOUT task 77: cube=[91 136 -156 -165 167 169 170] — splitting (JW)
[master] Worker [worker-1@hydra-sat] requested a task
[master] Task 81 → worker-1@hydra-sat  cube=[91 136 -156 -165 -167 169 170]  timeout=1s
[master] Worker worker-1@hydra-sat task 81: count=0  avg=0.2s  next_timeout=1s
[master] Worker [worker-1@hydra-sat] requested a task
[master] Task 82 → worker-1@hydra-sat  cube=[91 136 -156 -165 -167 169 -170]  timeout=1s
[master] Worker worker-7@hydra-sat TIMEOUT task 78: cube=[91 136 -156 -165 167 169 -170] — splitting (JW)
[master] Worker [worker-7@hydra-sat] requested a task
[master] Task 83 → worker-7@hydra-sat  cube=[91 136 -156 -165 -167 -169 170]  timeout=1s
[master] Worker worker-7@hydra-sat task 83: count=0  avg=0.2s  next_timeout=1s
[master] Worker [worker-7@hydra-sat] requested a task
[master] Task 84 → worker-7@hydra-sat  cube=[91 136 -156 -165 -167 -169 -170]  timeout=1s
[master] Worker worker-7@hydra-sat task 84: count=0  avg=0.2s  next_timeout=1s
[master] Worker [worker-7@hydra-sat] requested a task
[master] Task 85 → worker-7@hydra-sat  cube=[91 -136 156 165 167 169 170]  timeout=1s
[master] Worker worker-7@hydra-sat task 85: count=0  avg=0.2s  next_timeout=1s
[master] Worker [worker-7@hydra-sat] requested a task
[master] Task 86 → worker-7@hydra-sat  cube=[91 -136 156 165 167 169 -170]  timeout=1s
[master] Worker worker-7@hydra-sat task 86: count=0  avg=0.2s  next_timeout=1s
[master] Worker [worker-7@hydra-sat] requested a task
[master] Task 87 → worker-7@hydra-sat  cube=[91 -136 156 165 167 -169 170]  timeout=1s
[master] Worker worker-0@hydra-sat TIMEOUT task 79: cube=[91 136 -156 -165 167 -169 170] — splitting (JW)
[master] Worker [worker-0@hydra-sat] requested a task
[master] Task 88 → worker-0@hydra-sat  cube=[91 -136 156 165 167 -169 -170]  timeout=1s
[master] Worker worker-6@hydra-sat TIMEOUT task 80: cube=[91 136 -156 -165 167 -169 -170] — splitting (JW)
[master] Worker [worker-6@hydra-sat] requested a task
[master] Task 89 → worker-6@hydra-sat  cube=[91 -136 156 165 -167 -169 170]  timeout=1s
[master] Worker worker-6@hydra-sat task 89: count=0  avg=0.2s  next_timeout=1s
[master] Worker [worker-6@hydra-sat] requested a task
[master] Task 90 → worker-6@hydra-sat  cube=[91 -136 156 165 -167 -169 -170]  timeout=1s
[master] Worker worker-1@hydra-sat TIMEOUT task 82: cube=[91 136 -156 -165 -167 169 -170] — splitting (JW)
[master] Worker [worker-1@hydra-sat] requested a task
[master] Task 91 → worker-1@hydra-sat  cube=[91 -136 156 -165 167 169 170]  timeout=1s
[master] Worker worker-7@hydra-sat TIMEOUT task 87: cube=[91 -136 156 165 167 -169 170] — splitting (JW)
[master] Worker [worker-7@hydra-sat] requested a task
[master] Task 92 → worker-7@hydra-sat  cube=[91 -136 156 -165 167 169 -170]  timeout=1s
[master] Worker worker-0@hydra-sat TIMEOUT task 88: cube=[91 -136 156 165 167 -169 -170] — splitting (JW)
[master] Worker [worker-0@hydra-sat] requested a task
[master] Task 93 → worker-0@hydra-sat  cube=[91 -136 156 -165 167 -169 170]  timeout=1s
[master] Worker worker-6@hydra-sat TIMEOUT task 90: cube=[91 -136 156 165 -167 -169 -170] — splitting (JW)
[master] Worker [worker-6@hydra-sat] requested a task
[master] Task 94 → worker-6@hydra-sat  cube=[91 -136 156 -165 167 -169 -170]  timeout=1s
[master] Worker worker-1@hydra-sat TIMEOUT task 91: cube=[91 -136 156 -165 167 169 170] — splitting (JW)
[master] Worker [worker-1@hydra-sat] requested a task
[master] Task 95 → worker-1@hydra-sat  cube=[91 -136 -156 165 167 169 170]  timeout=1s
[master] Worker worker-1@hydra-sat task 95: count=0  avg=0.2s  next_timeout=1s
[master] Worker [worker-1@hydra-sat] requested a task
[master] Task 96 → worker-1@hydra-sat  cube=[91 -136 -156 165 167 169 -170]  timeout=1s
[master] Worker worker-7@hydra-sat TIMEOUT task 92: cube=[91 -136 156 -165 167 169 -170] — splitting (JW)
[master] Worker [worker-7@hydra-sat] requested a task
[master] Task 97 → worker-7@hydra-sat  cube=[91 -136 -156 165 167 -169 170]  timeout=1s
[master] Worker worker-0@hydra-sat TIMEOUT task 93: cube=[91 -136 156 -165 167 -169 170] — splitting (JW)
[master] Worker [worker-0@hydra-sat] requested a task
[master] Task 98 → worker-0@hydra-sat  cube=[91 -136 -156 165 167 -169 -170]  timeout=1s
[master] Worker worker-6@hydra-sat TIMEOUT task 94: cube=[91 -136 156 -165 167 -169 -170] — splitting (JW)
[master] Worker [worker-6@hydra-sat] requested a task
[master] Task 99 → worker-6@hydra-sat  cube=[91 -136 -156 165 -167 -169 170]  timeout=1s
[master] Worker worker-1@hydra-sat TIMEOUT task 96: cube=[91 -136 -156 165 167 169 -170] — splitting (JW)
[master] Worker [worker-1@hydra-sat] requested a task
[master] Task 100 → worker-1@hydra-sat  cube=[91 -136 -156 165 -167 -169 -170]  timeout=1s
[master] Worker worker-7@hydra-sat TIMEOUT task 97: cube=[91 -136 -156 165 167 -169 170] — splitting (JW)
[master] Worker [worker-7@hydra-sat] requested a task
[master] Task 101 → worker-7@hydra-sat  cube=[-91 136 156 165 167 169 170]  timeout=1s
[master] Worker worker-0@hydra-sat TIMEOUT task 98: cube=[91 -136 -156 165 167 -169 -170] — splitting (JW)
[master] Worker [worker-0@hydra-sat] requested a task
[master] Task 102 → worker-0@hydra-sat  cube=[-91 136 156 165 167 169 -170]  timeout=1s
[master] Worker worker-0@hydra-sat task 102: count=0  avg=0.2s  next_timeout=1s
[master] Worker [worker-0@hydra-sat] requested a task
[master] Task 103 → worker-0@hydra-sat  cube=[-91 136 156 165 167 -169 170]  timeout=1s
[master] Worker worker-6@hydra-sat TIMEOUT task 99: cube=[91 -136 -156 165 -167 -169 170] — splitting (JW)
[master] Worker [worker-6@hydra-sat] requested a task
[master] Task 104 → worker-6@hydra-sat  cube=[-91 136 156 165 167 -169 -170]  timeout=1s
[master] Worker worker-6@hydra-sat task 104: count=0  avg=0.2s  next_timeout=1s
[master] Worker [worker-6@hydra-sat] requested a task
[master] Task 105 → worker-6@hydra-sat  cube=[91 -136 -156 -165 167 169 170]  timeout=1s
[master] Worker worker-1@hydra-sat TIMEOUT task 100: cube=[91 -136 -156 165 -167 -169 -170] — splitting (JW)
[master] Worker [worker-1@hydra-sat] requested a task
[master] Task 106 → worker-1@hydra-sat  cube=[91 -136 -156 -165 167 169 -170]  timeout=1s
[master] Worker worker-7@hydra-sat TIMEOUT task 101: cube=[-91 136 156 165 167 169 170] — splitting (JW)
[master] Worker [worker-7@hydra-sat] requested a task
[master] Task 107 → worker-7@hydra-sat  cube=[91 -136 -156 -165 167 -169 170]  timeout=1s
[master] Worker worker-7@hydra-sat task 107: count=0  avg=0.2s  next_timeout=1s
[master] Worker [worker-7@hydra-sat] requested a task
[master] Task 108 → worker-7@hydra-sat  cube=[91 -136 -156 -165 167 -169 -170]  timeout=1s
[master] Worker worker-0@hydra-sat TIMEOUT task 103: cube=[-91 136 156 165 167 -169 170] — splitting (JW)
[master] Worker [worker-0@hydra-sat] requested a task
[master] Task 109 → worker-0@hydra-sat  cube=[-91 136 156 165 -167 169 170]  timeout=1s
[master] Worker worker-0@hydra-sat task 109: count=0  avg=0.2s  next_timeout=1s
[master] Worker [worker-0@hydra-sat] requested a task
[master] Task 110 → worker-0@hydra-sat  cube=[-91 136 156 165 -167 169 -170]  timeout=1s
[master] Worker worker-0@hydra-sat task 110: count=0  avg=0.2s  next_timeout=1s
[master] Worker [worker-0@hydra-sat] requested a task
[master] Task 111 → worker-0@hydra-sat  cube=[-91 136 156 -165 167 169 170]  timeout=1s
[master] Worker worker-6@hydra-sat TIMEOUT task 105: cube=[91 -136 -156 -165 167 169 170] — splitting (JW)
[master] Worker [worker-6@hydra-sat] requested a task
[master] Task 112 → worker-6@hydra-sat  cube=[-91 136 156 -165 167 169 -170]  timeout=1s
[master] Worker worker-1@hydra-sat TIMEOUT task 106: cube=[91 -136 -156 -165 167 169 -170] — splitting (JW)
[master] Worker [worker-1@hydra-sat] requested a task
[master] Task 113 → worker-1@hydra-sat  cube=[-91 136 156 -165 167 -169 170]  timeout=1s
[master] Worker worker-7@hydra-sat TIMEOUT task 108: cube=[91 -136 -156 -165 167 -169 -170] — splitting (JW)
[master] Worker [worker-7@hydra-sat] requested a task
[master] Task 114 → worker-7@hydra-sat  cube=[-91 136 156 -165 167 -169 -170]  timeout=1s
[master] Worker worker-0@hydra-sat TIMEOUT task 111: cube=[-91 136 156 -165 167 169 170] — splitting (JW)
[master] Worker [worker-0@hydra-sat] requested a task
[master] Task 115 → worker-0@hydra-sat  cube=[-91 136 156 -165 -167 169 170]  timeout=1s
[master] Worker worker-0@hydra-sat task 115: count=0  avg=0.2s  next_timeout=1s
[master] Worker [worker-0@hydra-sat] requested a task
[master] Task 116 → worker-0@hydra-sat  cube=[-91 136 156 -165 -167 169 -170]  timeout=1s
[master] Worker worker-6@hydra-sat TIMEOUT task 112: cube=[-91 136 156 -165 167 169 -170] — splitting (JW)
[master] Worker [worker-6@hydra-sat] requested a task
[master] Task 117 → worker-6@hydra-sat  cube=[-91 136 -156 165 167 169 170]  timeout=1s
[master] Worker worker-1@hydra-sat TIMEOUT task 113: cube=[-91 136 156 -165 167 -169 170] — splitting (JW)
[master] Worker [worker-1@hydra-sat] requested a task
[master] Task 118 → worker-1@hydra-sat  cube=[-91 136 -156 165 167 169 -170]  timeout=1s
[master] Worker worker-7@hydra-sat TIMEOUT task 114: cube=[-91 136 156 -165 167 -169 -170] — splitting (JW)
[master] Worker [worker-7@hydra-sat] requested a task
[master] Task 119 → worker-7@hydra-sat  cube=[-91 136 -156 165 167 -169 170]  timeout=1s
[master] Worker worker-0@hydra-sat TIMEOUT task 116: cube=[-91 136 156 -165 -167 169 -170] — splitting (JW)
[master] Worker [worker-0@hydra-sat] requested a task
[master] Task 120 → worker-0@hydra-sat  cube=[-91 136 -156 165 167 -169 -170]  timeout=1s
[master] Worker worker-0@hydra-sat task 120: count=0  avg=0.2s  next_timeout=1s
[master] Worker [worker-0@hydra-sat] requested a task
[master] Task 121 → worker-0@hydra-sat  cube=[-91 136 -156 165 -167 169 170]  timeout=1s
[master] Worker worker-6@hydra-sat TIMEOUT task 117: cube=[-91 136 -156 165 167 169 170] — splitting (JW)
[master] Worker [worker-6@hydra-sat] requested a task
[master] Task 122 → worker-6@hydra-sat  cube=[-91 136 -156 165 -167 169 -170]  timeout=1s
[master] Worker worker-6@hydra-sat task 122: count=0  avg=0.2s  next_timeout=1s
[master] Worker [worker-6@hydra-sat] requested a task
[master] Task 123 → worker-6@hydra-sat  cube=[-91 136 -156 165 -167 -169 170]  timeout=1s
[master] Worker worker-1@hydra-sat TIMEOUT task 118: cube=[-91 136 -156 165 167 169 -170] — splitting (JW)
[master] Worker [worker-1@hydra-sat] requested a task
[master] Task 124 → worker-1@hydra-sat  cube=[-91 136 -156 165 -167 -169 -170]  timeout=1s
[master] Worker worker-1@hydra-sat task 124: count=0  avg=0.2s  next_timeout=1s
[master] Worker [worker-1@hydra-sat] requested a task
[master] Task 125 → worker-1@hydra-sat  cube=[-91 136 -156 -165 167 169 170]  timeout=1s
[master] Worker worker-7@hydra-sat TIMEOUT task 119: cube=[-91 136 -156 165 167 -169 170] — splitting (JW)
[master] Worker [worker-7@hydra-sat] requested a task
[master] Task 126 → worker-7@hydra-sat  cube=[-91 136 -156 -165 167 169 -170]  timeout=1s
[master] Worker worker-0@hydra-sat TIMEOUT task 121: cube=[-91 136 -156 165 -167 169 170] — splitting (JW)
[master] Worker [worker-0@hydra-sat] requested a task
[master] Task 127 → worker-0@hydra-sat  cube=[-91 136 -156 -165 167 -169 170]  timeout=1s
[master] Worker worker-6@hydra-sat TIMEOUT task 123: cube=[-91 136 -156 165 -167 -169 170] — splitting (JW)
[master] Worker [worker-6@hydra-sat] requested a task
[master] Task 128 → worker-6@hydra-sat  cube=[-91 136 -156 -165 167 -169 -170]  timeout=1s
[master] Worker worker-1@hydra-sat TIMEOUT task 125: cube=[-91 136 -156 -165 167 169 170] — splitting (JW)
[master] Worker [worker-1@hydra-sat] requested a task
[master] Task 129 → worker-1@hydra-sat  cube=[-91 136 -156 -165 -167 169 170]  timeout=1s
[master] Worker worker-7@hydra-sat TIMEOUT task 126: cube=[-91 136 -156 -165 167 169 -170] — splitting (JW)
[master] Worker [worker-7@hydra-sat] requested a task
[master] Task 130 → worker-7@hydra-sat  cube=[-91 136 -156 -165 -167 169 -170]  timeout=1s
[master] Worker worker-0@hydra-sat TIMEOUT task 127: cube=[-91 136 -156 -165 167 -169 170] — splitting (JW)
[master] Worker [worker-0@hydra-sat] requested a task
[master] Task 131 → worker-0@hydra-sat  cube=[-91 136 -156 -165 -167 -169 170]  timeout=1s
[master] Worker worker-0@hydra-sat task 131: count=0  avg=0.1s  next_timeout=1s
[master] Worker [worker-0@hydra-sat] requested a task
[master] Task 132 → worker-0@hydra-sat  cube=[-91 136 -156 -165 -167 -169 -170]  timeout=1s
[master] Worker worker-6@hydra-sat TIMEOUT task 128: cube=[-91 136 -156 -165 167 -169 -170] — splitting (JW)
[master] Worker [worker-6@hydra-sat] requested a task
[master] Task 133 → worker-6@hydra-sat  cube=[-91 -136 156 165 167 169 170]  timeout=1s
[master] Worker worker-1@hydra-sat TIMEOUT task 129: cube=[-91 136 -156 -165 -167 169 170] — splitting (JW)
[master] Worker [worker-1@hydra-sat] requested a task
[master] Task 134 → worker-1@hydra-sat  cube=[-91 -136 156 165 167 169 -170]  timeout=1s
[master] Worker worker-7@hydra-sat TIMEOUT task 130: cube=[-91 136 -156 -165 -167 169 -170] — splitting (JW)
[master] Worker [worker-7@hydra-sat] requested a task
[master] Task 135 → worker-7@hydra-sat  cube=[-91 -136 156 165 167 -169 170]  timeout=1s
[master] Worker worker-0@hydra-sat TIMEOUT task 132: cube=[-91 136 -156 -165 -167 -169 -170] — splitting (JW)
[master] Worker [worker-0@hydra-sat] requested a task
[master] Task 136 → worker-0@hydra-sat  cube=[-91 -136 156 165 167 -169 -170]  timeout=1s
[master] Worker worker-0@hydra-sat task 136: count=0  avg=0.1s  next_timeout=1s
[master] Worker [worker-0@hydra-sat] requested a task
[master] Task 137 → worker-0@hydra-sat  cube=[-91 -136 156 165 -167 169 170]  timeout=1s
[master] Worker worker-0@hydra-sat task 137: count=0  avg=0.1s  next_timeout=1s
[master] Worker [worker-0@hydra-sat] requested a task
[master] Task 138 → worker-0@hydra-sat  cube=[-91 -136 156 165 -167 169 -170]  timeout=1s
[master] Worker worker-6@hydra-sat TIMEOUT task 133: cube=[-91 -136 156 165 167 169 170] — splitting (JW)
[master] Worker [worker-6@hydra-sat] requested a task
[master] Task 139 → worker-6@hydra-sat  cube=[-91 -136 156 165 -167 -169 170]  timeout=1s
[master] Worker worker-1@hydra-sat TIMEOUT task 134: cube=[-91 -136 156 165 167 169 -170] — splitting (JW)
[master] Worker [worker-1@hydra-sat] requested a task
[master] Task 140 → worker-1@hydra-sat  cube=[-91 -136 156 165 -167 -169 -170]  timeout=1s
[master] Worker worker-6@hydra-sat task 139: count=0  avg=0.1s  next_timeout=1s
[master] Worker [worker-6@hydra-sat] requested a task
[master] Task 141 → worker-6@hydra-sat  cube=[-91 -136 156 -165 167 169 170]  timeout=1s
[master] Worker worker-1@hydra-sat task 140: count=0  avg=0.1s  next_timeout=1s
[master] Worker [worker-1@hydra-sat] requested a task
[master] Task 142 → worker-1@hydra-sat  cube=[-91 -136 156 -165 167 169 -170]  timeout=1s
[master] Worker worker-7@hydra-sat TIMEOUT task 135: cube=[-91 -136 156 165 167 -169 170] — splitting (JW)
[master] Worker [worker-7@hydra-sat] requested a task
[master] Task 143 → worker-7@hydra-sat  cube=[-91 -136 156 -165 167 -169 170]  timeout=1s
[master] Worker worker-0@hydra-sat TIMEOUT task 138: cube=[-91 -136 156 165 -167 169 -170] — splitting (JW)
[master] Worker [worker-0@hydra-sat] requested a task
[master] Task 144 → worker-0@hydra-sat  cube=[-91 -136 156 -165 167 -169 -170]  timeout=1s
[master] Worker worker-6@hydra-sat TIMEOUT task 141: cube=[-91 -136 156 -165 167 169 170] — splitting (JW)
[master] Worker [worker-6@hydra-sat] requested a task
[master] Task 145 → worker-6@hydra-sat  cube=[-91 -136 156 -165 -167 169 170]  timeout=1s
[master] Worker worker-1@hydra-sat TIMEOUT task 142: cube=[-91 -136 156 -165 167 169 -170] — splitting (JW)
[master] Worker [worker-1@hydra-sat] requested a task
[master] Task 146 → worker-1@hydra-sat  cube=[-91 -136 156 -165 -167 169 -170]  timeout=1s
[master] Worker worker-6@hydra-sat task 145: count=0  avg=0.1s  next_timeout=1s
[master] Worker [worker-6@hydra-sat] requested a task
[master] Task 147 → worker-6@hydra-sat  cube=[-91 -136 -156 165 167 169 170]  timeout=1s
[master] Worker worker-7@hydra-sat TIMEOUT task 143: cube=[-91 -136 156 -165 167 -169 170] — splitting (JW)
[master] Worker [worker-7@hydra-sat] requested a task
[master] Task 148 → worker-7@hydra-sat  cube=[-91 -136 -156 165 167 169 -170]  timeout=1s
[master] Worker worker-0@hydra-sat TIMEOUT task 144: cube=[-91 -136 156 -165 167 -169 -170] — splitting (JW)
[master] Worker [worker-0@hydra-sat] requested a task
[master] Task 149 → worker-0@hydra-sat  cube=[-91 -136 -156 165 167 -169 170]  timeout=1s
[master] Worker worker-1@hydra-sat TIMEOUT task 146: cube=[-91 -136 156 -165 -167 169 -170] — splitting (JW)
[master] Worker [worker-1@hydra-sat] requested a task
[master] Task 150 → worker-1@hydra-sat  cube=[-91 -136 -156 165 167 -169 -170]  timeout=1s
[master] Worker worker-6@hydra-sat TIMEOUT task 147: cube=[-91 -136 -156 165 167 169 170] — splitting (JW)
[master] Worker [worker-6@hydra-sat] requested a task
[master] Task 151 → worker-6@hydra-sat  cube=[-91 -136 -156 165 -167 169 170]  timeout=1s
[master] Worker worker-6@hydra-sat task 151: count=0  avg=0.1s  next_timeout=1s
[master] Worker [worker-6@hydra-sat] requested a task
[master] Task 152 → worker-6@hydra-sat  cube=[-91 -136 -156 165 -167 169 -170]  timeout=1s
[master] Worker worker-7@hydra-sat TIMEOUT task 148: cube=[-91 -136 -156 165 167 169 -170] — splitting (JW)
[master] Worker [worker-7@hydra-sat] requested a task
[master] Task 153 → worker-7@hydra-sat  cube=[-91 -136 -156 -165 167 169 170]  timeout=1s
[master] Worker worker-0@hydra-sat TIMEOUT task 149: cube=[-91 -136 -156 165 167 -169 170] — splitting (JW)
[master] Worker [worker-0@hydra-sat] requested a task
[master] Task 154 → worker-0@hydra-sat  cube=[-91 -136 -156 -165 167 169 -170]  timeout=1s
[master] Worker worker-1@hydra-sat TIMEOUT task 150: cube=[-91 -136 -156 165 167 -169 -170] — splitting (JW)
[master] Worker [worker-1@hydra-sat] requested a task
[master] Task 155 → worker-1@hydra-sat  cube=[-91 -136 -156 -165 167 -169 170]  timeout=1s
[master] Worker worker-6@hydra-sat TIMEOUT task 152: cube=[-91 -136 -156 165 -167 169 -170] — splitting (JW)
[master] Worker [worker-6@hydra-sat] requested a task
[master] Task 156 → worker-6@hydra-sat  cube=[-91 -136 -156 -165 167 -169 -170]  timeout=1s
[master] Worker worker-7@hydra-sat TIMEOUT task 153: cube=[-91 -136 -156 -165 167 169 170] — splitting (JW)
[master] Worker [worker-7@hydra-sat] requested a task
[master] Task 157 → worker-7@hydra-sat  cube=[-91 -136 -156 -165 -167 169 170]  timeout=1s
[master] Worker worker-7@hydra-sat task 157: count=0  avg=0.1s  next_timeout=1s
[master] Worker [worker-7@hydra-sat] requested a task
[master] Task 158 → worker-7@hydra-sat  cube=[-91 -136 -156 -165 -167 169 -170]  timeout=1s
[master] Worker worker-7@hydra-sat task 158: count=0  avg=0.1s  next_timeout=1s
[master] Worker [worker-7@hydra-sat] requested a task
[master] Task 159 → worker-7@hydra-sat  cube=[91 136 156 -165 167 169 170 0]  timeout=1s
[master] Worker worker-7@hydra-sat task 159: count=0  avg=0.1s  next_timeout=1s
[master] Worker [worker-7@hydra-sat] requested a task
[master] Task 160 → worker-7@hydra-sat  cube=[91 136 156 -165 167 169 170 0]  timeout=1s
[master] Worker worker-7@hydra-sat task 160: count=0  avg=0.1s  next_timeout=1s
[master] Worker [worker-7@hydra-sat] requested a task
[master] Task 161 → worker-7@hydra-sat  cube=[91 136 156 -165 167 169 -170 0]  timeout=1s
[master] Worker worker-7@hydra-sat task 161: count=0  avg=0.1s  next_timeout=1s
[master] Worker [worker-7@hydra-sat] requested a task
[master] Task 162 → worker-7@hydra-sat  cube=[91 136 156 -165 167 169 -170 0]  timeout=1s
[master] Worker worker-7@hydra-sat task 162: count=0  avg=0.1s  next_timeout=1s
[master] Worker [worker-7@hydra-sat] requested a task
[master] Task 163 → worker-7@hydra-sat  cube=[91 136 156 -165 167 -169 170 0]  timeout=1s
[master] Worker worker-7@hydra-sat task 163: count=0  avg=0.1s  next_timeout=1s
[master] Worker [worker-7@hydra-sat] requested a task
[master] Task 164 → worker-7@hydra-sat  cube=[91 136 156 -165 167 -169 170 0]  timeout=1s
[master] Worker worker-7@hydra-sat task 164: count=0  avg=0.1s  next_timeout=1s
[master] Worker [worker-7@hydra-sat] requested a task
[master] Task 165 → worker-7@hydra-sat  cube=[91 136 156 -165 167 -169 -170 0]  timeout=1s
[master] Worker worker-7@hydra-sat task 165: count=0  avg=0.1s  next_timeout=1s
[master] Worker [worker-7@hydra-sat] requested a task
[master] Task 166 → worker-7@hydra-sat  cube=[91 136 156 -165 167 -169 -170 0]  timeout=1s
[master] Worker worker-7@hydra-sat task 166: count=0  avg=0.1s  next_timeout=1s
[master] Worker [worker-7@hydra-sat] requested a task
[master] Task 167 → worker-7@hydra-sat  cube=[91 136 -156 165 167 169 170 0]  timeout=1s
[master] Worker worker-7@hydra-sat task 167: count=0  avg=0.1s  next_timeout=1s
[master] Worker [worker-7@hydra-sat] requested a task
[master] Task 168 → worker-7@hydra-sat  cube=[91 136 -156 165 167 169 170 0]  timeout=1s
[master] Worker worker-7@hydra-sat task 168: count=0  avg=0.1s  next_timeout=1s
[master] Worker [worker-7@hydra-sat] requested a task
[master] Task 169 → worker-7@hydra-sat  cube=[91 136 -156 165 167 -169 170 0]  timeout=1s
[master] Worker worker-7@hydra-sat task 169: count=0  avg=0.1s  next_timeout=1s
[master] Worker [worker-7@hydra-sat] requested a task
[master] Task 170 → worker-7@hydra-sat  cube=[91 136 -156 165 167 -169 170 0]  timeout=1s
[master] Worker worker-7@hydra-sat task 170: count=0  avg=0.1s  next_timeout=1s
[master] Worker [worker-7@hydra-sat] requested a task
[master] Task 171 → worker-7@hydra-sat  cube=[91 136 -156 165 167 -169 -170 0]  timeout=1s
[master] Worker worker-7@hydra-sat task 171: count=0  avg=0.1s  next_timeout=1s
[master] Worker [worker-7@hydra-sat] requested a task
[master] Task 172 → worker-7@hydra-sat  cube=[91 136 -156 165 167 -169 -170 0]  timeout=1s
[master] Worker worker-7@hydra-sat task 172: count=0  avg=0.1s  next_timeout=1s
[master] Worker [worker-7@hydra-sat] requested a task
[master] Task 173 → worker-7@hydra-sat  cube=[91 136 -156 165 -167 -169 170 0]  timeout=1s
[master] Worker worker-7@hydra-sat task 173: count=0  avg=0.1s  next_timeout=1s
[master] Worker [worker-7@hydra-sat] requested a task
[master] Task 174 → worker-7@hydra-sat  cube=[91 136 -156 165 -167 -169 170 0]  timeout=1s
[master] Worker worker-7@hydra-sat task 174: count=0  avg=0.1s  next_timeout=1s
[master] Worker [worker-7@hydra-sat] requested a task
[master] Task 175 → worker-7@hydra-sat  cube=[91 136 -156 -165 167 169 170 0]  timeout=1s
[master] Worker worker-7@hydra-sat task 175: count=0  avg=0.1s  next_timeout=1s
[master] Worker [worker-7@hydra-sat] requested a task
[master] Task 176 → worker-7@hydra-sat  cube=[91 136 -156 -165 167 169 170 0]  timeout=1s
[master] Worker worker-7@hydra-sat task 176: count=0  avg=0.1s  next_timeout=1s
[master] Worker [worker-7@hydra-sat] requested a task
[master] Task 177 → worker-7@hydra-sat  cube=[91 136 -156 -165 167 169 -170 0]  timeout=1s
[master] Worker worker-7@hydra-sat task 177: count=0  avg=0.1s  next_timeout=1s
[master] Worker [worker-7@hydra-sat] requested a task
[master] Task 178 → worker-7@hydra-sat  cube=[91 136 -156 -165 167 169 -170 0]  timeout=1s
[master] Worker worker-7@hydra-sat task 178: count=0  avg=0.1s  next_timeout=1s
[master] Worker [worker-7@hydra-sat] requested a task
[master] Task 179 → worker-7@hydra-sat  cube=[91 136 -156 -165 167 -169 170 0]  timeout=1s
[master] Worker worker-7@hydra-sat task 179: count=0  avg=0.1s  next_timeout=1s
[master] Worker [worker-7@hydra-sat] requested a task
[master] Task 180 → worker-7@hydra-sat  cube=[91 136 -156 -165 167 -169 170 0]  timeout=1s
[master] Worker worker-7@hydra-sat task 180: count=0  avg=0.1s  next_timeout=1s
[master] Worker [worker-7@hydra-sat] requested a task
[master] Task 181 → worker-7@hydra-sat  cube=[91 136 -156 -165 167 -169 -170 0]  timeout=1s
[master] Worker worker-7@hydra-sat task 181: count=0  avg=0.1s  next_timeout=1s
[master] Worker [worker-7@hydra-sat] requested a task
[master] Task 182 → worker-7@hydra-sat  cube=[91 136 -156 -165 167 -169 -170 0]  timeout=1s
[master] Worker worker-7@hydra-sat task 182: count=0  avg=0.1s  next_timeout=1s
[master] Worker [worker-7@hydra-sat] requested a task
[master] Task 183 → worker-7@hydra-sat  cube=[91 136 -156 -165 -167 169 -170 0]  timeout=1s
[master] Worker worker-7@hydra-sat task 183: count=0  avg=0.1s  next_timeout=1s
[master] Worker [worker-7@hydra-sat] requested a task
[master] Task 184 → worker-7@hydra-sat  cube=[91 136 -156 -165 -167 169 -170 0]  timeout=1s
[master] Worker worker-7@hydra-sat task 184: count=0  avg=0.1s  next_timeout=1s
[master] Worker [worker-7@hydra-sat] requested a task
[master] Task 185 → worker-7@hydra-sat  cube=[91 -136 156 165 167 -169 170 0]  timeout=1s
[master] Worker worker-7@hydra-sat task 185: count=0  avg=0.1s  next_timeout=1s
[master] Worker [worker-7@hydra-sat] requested a task
[master] Task 186 → worker-7@hydra-sat  cube=[91 -136 156 165 167 -169 170 0]  timeout=1s
[master] Worker worker-7@hydra-sat task 186: count=0  avg=0.1s  next_timeout=1s
[master] Worker [worker-7@hydra-sat] requested a task
[master] Task 187 → worker-7@hydra-sat  cube=[91 -136 156 165 167 -169 -170 0]  timeout=1s
[master] Worker worker-7@hydra-sat task 187: count=0  avg=0.1s  next_timeout=1s
[master] Worker [worker-7@hydra-sat] requested a task
[master] Task 188 → worker-7@hydra-sat  cube=[91 -136 156 165 167 -169 -170 0]  timeout=1s
[master] Worker worker-7@hydra-sat task 188: count=0  avg=0.1s  next_timeout=1s
[master] Worker [worker-7@hydra-sat] requested a task
[master] Task 189 → worker-7@hydra-sat  cube=[91 -136 156 165 -167 -169 -170 0]  timeout=1s
[master] Worker worker-7@hydra-sat task 189: count=0  avg=0.1s  next_timeout=1s
[master] Worker [worker-7@hydra-sat] requested a task
[master] Task 190 → worker-7@hydra-sat  cube=[91 -136 156 165 -167 -169 -170 0]  timeout=1s
[master] Worker worker-7@hydra-sat task 190: count=0  avg=0.1s  next_timeout=1s
[master] Worker [worker-7@hydra-sat] requested a task
[master] Task 191 → worker-7@hydra-sat  cube=[91 -136 156 -165 167 169 170 0]  timeout=1s
[master] Worker worker-7@hydra-sat task 191: count=0  avg=0.1s  next_timeout=1s
[master] Worker [worker-7@hydra-sat] requested a task
[master] Task 192 → worker-7@hydra-sat  cube=[91 -136 156 -165 167 169 170 0]  timeout=1s
[master] Worker worker-7@hydra-sat task 192: count=0  avg=0.1s  next_timeout=1s
[master] Worker [worker-7@hydra-sat] requested a task
[master] Task 193 → worker-7@hydra-sat  cube=[91 -136 156 -165 167 169 -170 0]  timeout=1s
[master] Worker worker-7@hydra-sat task 193: count=0  avg=0.1s  next_timeout=1s
[master] Worker [worker-7@hydra-sat] requested a task
[master] Task 194 → worker-7@hydra-sat  cube=[91 -136 156 -165 167 169 -170 0]  timeout=1s
[master] Worker worker-7@hydra-sat task 194: count=0  avg=0.1s  next_timeout=1s
[master] Worker [worker-7@hydra-sat] requested a task
[master] Task 195 → worker-7@hydra-sat  cube=[91 -136 156 -165 167 -169 170 0]  timeout=1s
[master] Worker worker-7@hydra-sat task 195: count=0  avg=0.1s  next_timeout=1s
[master] Worker [worker-7@hydra-sat] requested a task
[master] Task 196 → worker-7@hydra-sat  cube=[91 -136 156 -165 167 -169 170 0]  timeout=1s
[master] Worker worker-7@hydra-sat task 196: count=0  avg=0.1s  next_timeout=1s
[master] Worker [worker-7@hydra-sat] requested a task
[master] Task 197 → worker-7@hydra-sat  cube=[91 -136 156 -165 167 -169 -170 0]  timeout=1s
[master] Worker worker-7@hydra-sat task 197: count=0  avg=0.1s  next_timeout=1s
[master] Worker [worker-7@hydra-sat] requested a task
[master] Task 198 → worker-7@hydra-sat  cube=[91 -136 156 -165 167 -169 -170 0]  timeout=1s
[master] Worker worker-7@hydra-sat task 198: count=0  avg=0.1s  next_timeout=1s
[master] Worker [worker-7@hydra-sat] requested a task
[master] Task 199 → worker-7@hydra-sat  cube=[91 -136 -156 165 167 169 -170 0]  timeout=1s
[master] Worker worker-7@hydra-sat task 199: count=0  avg=0.1s  next_timeout=1s
[master] Worker [worker-7@hydra-sat] requested a task
[master] Task 200 → worker-7@hydra-sat  cube=[91 -136 -156 165 167 169 -170 0]  timeout=1s
[master] Worker worker-7@hydra-sat task 200: count=0  avg=0.1s  next_timeout=1s
[master] Worker [worker-7@hydra-sat] requested a task
[master] Task 201 → worker-7@hydra-sat  cube=[91 -136 -156 165 167 -169 170 0]  timeout=1s
[master] Worker worker-7@hydra-sat task 201: count=0  avg=0.1s  next_timeout=1s
[master] Worker [worker-7@hydra-sat] requested a task
[master] Task 202 → worker-7@hydra-sat  cube=[91 -136 -156 165 167 -169 170 0]  timeout=1s
[master] Worker worker-7@hydra-sat task 202: count=0  avg=0.1s  next_timeout=1s
[master] Worker [worker-7@hydra-sat] requested a task
[master] Task 203 → worker-7@hydra-sat  cube=[91 -136 -156 165 167 -169 -170 0]  timeout=1s
[master] Worker worker-7@hydra-sat task 203: count=0  avg=0.1s  next_timeout=1s
[master] Worker [worker-7@hydra-sat] requested a task
[master] Task 204 → worker-7@hydra-sat  cube=[91 -136 -156 165 167 -169 -170 0]  timeout=1s
[master] Worker worker-7@hydra-sat task 204: count=0  avg=0.1s  next_timeout=1s
[master] Worker [worker-7@hydra-sat] requested a task
[master] Task 205 → worker-7@hydra-sat  cube=[91 -136 -156 165 -167 -169 170 0]  timeout=1s
[master] Worker worker-7@hydra-sat task 205: count=0  avg=0.1s  next_timeout=1s
[master] Worker [worker-7@hydra-sat] requested a task
[master] Task 206 → worker-7@hydra-sat  cube=[91 -136 -156 165 -167 -169 170 0]  timeout=1s
[master] Worker worker-7@hydra-sat task 206: count=0  avg=0.1s  next_timeout=1s
[master] Worker [worker-7@hydra-sat] requested a task
[master] Task 207 → worker-7@hydra-sat  cube=[91 -136 -156 165 -167 -169 -170 0]  timeout=1s
[master] Worker worker-0@hydra-sat TIMEOUT task 154: cube=[-91 -136 -156 -165 167 169 -170] — splitting (JW)
[master] Worker worker-7@hydra-sat task 207: count=0  avg=0.1s  next_timeout=1s
[master] Worker [worker-7@hydra-sat] requested a task
[master] Task 208 → worker-7@hydra-sat  cube=[91 -136 -156 165 -167 -169 -170 0]  timeout=1s
[master] Worker [worker-0@hydra-sat] requested a task
[master] Task 209 → worker-0@hydra-sat  cube=[-91 136 156 165 167 169 170 0]  timeout=1s
[master] Worker worker-7@hydra-sat task 208: count=0  avg=0.1s  next_timeout=1s
[master] Worker [worker-7@hydra-sat] requested a task
[master] Task 210 → worker-7@hydra-sat  cube=[-91 136 156 165 167 169 170 0]  timeout=1s
[master] Worker worker-0@hydra-sat task 209: count=0  avg=0.1s  next_timeout=1s
[master] Worker [worker-0@hydra-sat] requested a task
[master] Task 211 → worker-0@hydra-sat  cube=[-91 136 156 165 167 -169 170 0]  timeout=1s
[master] Worker worker-7@hydra-sat task 210: count=0  avg=0.1s  next_timeout=1s
[master] Worker [worker-7@hydra-sat] requested a task
[master] Task 212 → worker-7@hydra-sat  cube=[-91 136 156 165 167 -169 170 0]  timeout=1s
[master] Worker worker-0@hydra-sat task 211: count=0  avg=0.1s  next_timeout=1s
[master] Worker [worker-0@hydra-sat] requested a task
[master] Task 213 → worker-0@hydra-sat  cube=[91 -136 -156 -165 167 169 170 0]  timeout=1s
[master] Worker worker-7@hydra-sat task 212: count=0  avg=0.1s  next_timeout=1s
[master] Worker [worker-7@hydra-sat] requested a task
[master] Task 214 → worker-7@hydra-sat  cube=[91 -136 -156 -165 167 169 170 0]  timeout=1s
[master] Worker worker-0@hydra-sat task 213: count=0  avg=0.1s  next_timeout=1s
[master] Worker [worker-0@hydra-sat] requested a task
[master] Task 215 → worker-0@hydra-sat  cube=[91 -136 -156 -165 167 169 -170 0]  timeout=1s
[master] Worker worker-7@hydra-sat task 214: count=0  avg=0.1s  next_timeout=1s
[master] Worker [worker-7@hydra-sat] requested a task
[master] Task 216 → worker-7@hydra-sat  cube=[91 -136 -156 -165 167 169 -170 0]  timeout=1s
[master] Worker worker-0@hydra-sat task 215: count=0  avg=0.1s  next_timeout=1s
[master] Worker [worker-0@hydra-sat] requested a task
[master] Task 217 → worker-0@hydra-sat  cube=[91 -136 -156 -165 167 -169 -170 0]  timeout=1s
[master] Worker worker-7@hydra-sat task 216: count=0  avg=0.1s  next_timeout=1s
[master] Worker [worker-7@hydra-sat] requested a task
[master] Task 218 → worker-7@hydra-sat  cube=[91 -136 -156 -165 167 -169 -170 0]  timeout=1s
[master] Worker worker-0@hydra-sat task 217: count=0  avg=0.1s  next_timeout=1s
[master] Worker [worker-0@hydra-sat] requested a task
[master] Task 219 → worker-0@hydra-sat  cube=[-91 136 156 -165 167 169 170 0]  timeout=1s
[master] Worker worker-7@hydra-sat task 218: count=0  avg=0.1s  next_timeout=1s
[master] Worker [worker-7@hydra-sat] requested a task
[master] Task 220 → worker-7@hydra-sat  cube=[-91 136 156 -165 167 169 170 0]  timeout=1s
[master] Worker worker-0@hydra-sat task 219: count=0  avg=0.1s  next_timeout=1s
[master] Worker [worker-0@hydra-sat] requested a task
[master] Task 221 → worker-0@hydra-sat  cube=[-91 136 156 -165 167 169 -170 0]  timeout=1s
[master] Worker worker-7@hydra-sat task 220: count=0  avg=0.1s  next_timeout=1s
[master] Worker [worker-7@hydra-sat] requested a task
[master] Task 222 → worker-7@hydra-sat  cube=[-91 136 156 -165 167 169 -170 0]  timeout=1s
[master] Worker worker-0@hydra-sat task 221: count=0  avg=0.1s  next_timeout=1s
[master] Worker [worker-0@hydra-sat] requested a task
[master] Task 223 → worker-0@hydra-sat  cube=[-91 136 156 -165 167 -169 170 0]  timeout=1s
[master] Worker worker-7@hydra-sat task 222: count=0  avg=0.1s  next_timeout=1s
[master] Worker [worker-7@hydra-sat] requested a task
[master] Task 224 → worker-7@hydra-sat  cube=[-91 136 156 -165 167 -169 170 0]  timeout=1s
[master] Worker worker-0@hydra-sat task 223: count=0  avg=0.1s  next_timeout=1s
[master] Worker worker-7@hydra-sat task 224: count=0  avg=0.1s  next_timeout=1s
[master] Worker [worker-0@hydra-sat] requested a task
[master] Task 225 → worker-0@hydra-sat  cube=[-91 136 156 -165 167 -169 -170 0]  timeout=1s
[master] Worker [worker-7@hydra-sat] requested a task
[master] Task 226 → worker-7@hydra-sat  cube=[-91 136 156 -165 167 -169 -170 0]  timeout=1s
[master] Worker worker-7@hydra-sat task 226: count=0  avg=0.1s  next_timeout=1s
[master] Worker worker-0@hydra-sat task 225: count=0  avg=0.1s  next_timeout=1s
[master] Worker [worker-0@hydra-sat] requested a task
[master] Task 227 → worker-0@hydra-sat  cube=[-91 136 156 -165 -167 169 -170 0]  timeout=1s
[master] Worker [worker-7@hydra-sat] requested a task
[master] Task 228 → worker-7@hydra-sat  cube=[-91 136 156 -165 -167 169 -170 0]  timeout=1s
[master] Worker worker-0@hydra-sat task 227: count=0  avg=0.1s  next_timeout=1s
[master] Worker worker-7@hydra-sat task 228: count=0  avg=0.1s  next_timeout=1s
[master] Worker [worker-0@hydra-sat] requested a task
[master] Task 229 → worker-0@hydra-sat  cube=[-91 136 -156 165 167 169 170 0]  timeout=1s
[master] Worker [worker-7@hydra-sat] requested a task
[master] Task 230 → worker-7@hydra-sat  cube=[-91 136 -156 165 167 169 170 0]  timeout=1s
[master] Worker worker-0@hydra-sat task 229: count=0  avg=0.0s  next_timeout=1s
[master] Worker [worker-0@hydra-sat] requested a task
[master] Task 231 → worker-0@hydra-sat  cube=[-91 136 -156 165 167 169 -170 0]  timeout=1s
[master] Worker worker-0@hydra-sat task 231: count=0  avg=0.0s  next_timeout=1s
[master] Worker worker-7@hydra-sat task 230: count=0  avg=0.0s  next_timeout=1s
[master] Worker [worker-0@hydra-sat] requested a task
[master] Task 232 → worker-0@hydra-sat  cube=[-91 136 -156 165 167 169 -170 0]  timeout=1s
[master] Worker [worker-7@hydra-sat] requested a task
[master] Task 233 → worker-7@hydra-sat  cube=[-91 136 -156 165 167 -169 170 0]  timeout=1s
[master] Worker worker-0@hydra-sat task 232: count=0  avg=0.0s  next_timeout=1s
[master] Worker [worker-0@hydra-sat] requested a task
[master] Task 234 → worker-0@hydra-sat  cube=[-91 136 -156 165 167 -169 170 0]  timeout=1s
[master] Worker worker-0@hydra-sat task 234: count=0  avg=0.0s  next_timeout=1s
[master] Worker [worker-0@hydra-sat] requested a task
[master] Task 235 → worker-0@hydra-sat  cube=[-91 136 -156 165 -167 169 170 0]  timeout=1s
[master] Worker worker-7@hydra-sat task 233: count=0  avg=0.0s  next_timeout=1s
[master] Worker [worker-7@hydra-sat] requested a task
[master] Task 236 → worker-7@hydra-sat  cube=[-91 136 -156 165 -167 169 170 0]  timeout=1s
[master] Worker worker-0@hydra-sat task 235: count=0  avg=0.0s  next_timeout=1s
[master] Worker worker-7@hydra-sat task 236: count=0  avg=0.0s  next_timeout=1s
[master] Worker [worker-0@hydra-sat] requested a task
[master] Task 237 → worker-0@hydra-sat  cube=[-91 136 -156 165 -167 -169 170 0]  timeout=1s
[master] Worker [worker-7@hydra-sat] requested a task
[master] Task 238 → worker-7@hydra-sat  cube=[-91 136 -156 165 -167 -169 170 0]  timeout=1s
[master] Worker worker-0@hydra-sat task 237: count=0  avg=0.0s  next_timeout=1s
[master] Worker [worker-0@hydra-sat] requested a task
[master] Task 239 → worker-0@hydra-sat  cube=[-91 136 -156 -165 167 169 170 0]  timeout=1s
[master] Worker worker-7@hydra-sat task 238: count=0  avg=0.0s  next_timeout=1s
[master] Worker [worker-7@hydra-sat] requested a task
[master] Task 240 → worker-7@hydra-sat  cube=[-91 136 -156 -165 167 169 170 0]  timeout=1s
[master] Worker worker-0@hydra-sat task 239: count=0  avg=0.0s  next_timeout=1s
[master] Worker [worker-0@hydra-sat] requested a task
[master] Task 241 → worker-0@hydra-sat  cube=[-91 136 -156 -165 167 169 -170 0]  timeout=1s
[master] Worker worker-0@hydra-sat task 241: count=0  avg=0.0s  next_timeout=1s
[master] Worker [worker-0@hydra-sat] requested a task
[master] Task 242 → worker-0@hydra-sat  cube=[-91 136 -156 -165 167 169 -170 0]  timeout=1s
[master] Worker worker-0@hydra-sat task 242: count=0  avg=0.0s  next_timeout=1s
[master] Worker [worker-0@hydra-sat] requested a task
[master] Task 243 → worker-0@hydra-sat  cube=[-91 136 -156 -165 167 -169 170 0]  timeout=1s
[master] Worker worker-0@hydra-sat task 243: count=0  avg=0.0s  next_timeout=1s
[master] Worker [worker-0@hydra-sat] requested a task
[master] Task 244 → worker-0@hydra-sat  cube=[-91 136 -156 -165 167 -169 170 0]  timeout=1s
[master] Worker worker-0@hydra-sat task 244: count=0  avg=0.0s  next_timeout=1s
[master] Worker [worker-0@hydra-sat] requested a task
[master] Task 245 → worker-0@hydra-sat  cube=[-91 136 -156 -165 167 -169 -170 0]  timeout=1s
[master] Worker worker-0@hydra-sat task 245: count=0  avg=0.0s  next_timeout=1s
[master] Worker [worker-0@hydra-sat] requested a task
[master] Task 246 → worker-0@hydra-sat  cube=[-91 136 -156 -165 167 -169 -170 0]  timeout=1s
[master] Worker worker-0@hydra-sat task 246: count=0  avg=0.0s  next_timeout=1s
[master] Worker [worker-0@hydra-sat] requested a task
[master] Task 247 → worker-0@hydra-sat  cube=[-91 136 -156 -165 -167 169 170 0]  timeout=1s
[master] Worker worker-0@hydra-sat task 247: count=0  avg=0.0s  next_timeout=1s
[master] Worker [worker-0@hydra-sat] requested a task
[master] Task 248 → worker-0@hydra-sat  cube=[-91 136 -156 -165 -167 169 170 0]  timeout=1s
[master] Worker worker-0@hydra-sat task 248: count=0  avg=0.0s  next_timeout=1s
[master] Worker [worker-0@hydra-sat] requested a task
[master] Task 249 → worker-0@hydra-sat  cube=[-91 136 -156 -165 -167 169 -170 0]  timeout=1s
[master] Worker worker-0@hydra-sat task 249: count=0  avg=0.0s  next_timeout=1s
[master] Worker [worker-0@hydra-sat] requested a task
[master] Task 250 → worker-0@hydra-sat  cube=[-91 136 -156 -165 -167 169 -170 0]  timeout=1s
[master] Worker worker-0@hydra-sat task 250: count=0  avg=0.0s  next_timeout=1s
[master] Worker [worker-0@hydra-sat] requested a task
[master] Task 251 → worker-0@hydra-sat  cube=[-91 136 -156 -165 -167 -169 -170 0]  timeout=1s
[master] Worker worker-0@hydra-sat task 251: count=0  avg=0.0s  next_timeout=1s
[master] Worker [worker-0@hydra-sat] requested a task
[master] Task 252 → worker-0@hydra-sat  cube=[-91 136 -156 -165 -167 -169 -170 0]  timeout=1s
[master] Worker worker-0@hydra-sat task 252: count=0  avg=0.0s  next_timeout=1s
[master] Worker [worker-0@hydra-sat] requested a task
[master] Task 253 → worker-0@hydra-sat  cube=[-91 -136 156 165 167 169 170 0]  timeout=1s
[master] Worker worker-0@hydra-sat task 253: count=0  avg=0.0s  next_timeout=1s
[master] Worker [worker-0@hydra-sat] requested a task
[master] Task 254 → worker-0@hydra-sat  cube=[-91 -136 156 165 167 169 170 0]  timeout=1s
[master] Worker worker-0@hydra-sat task 254: count=0  avg=0.0s  next_timeout=1s
[master] Worker [worker-0@hydra-sat] requested a task
[master] Task 255 → worker-0@hydra-sat  cube=[-91 -136 156 165 167 169 -170 0]  timeout=1s
[master] Worker worker-0@hydra-sat task 255: count=0  avg=0.0s  next_timeout=1s
[master] Worker [worker-0@hydra-sat] requested a task
[master] Task 256 → worker-0@hydra-sat  cube=[-91 -136 156 165 167 169 -170 0]  timeout=1s
[master] Worker worker-0@hydra-sat task 256: count=0  avg=0.0s  next_timeout=1s
[master] Worker [worker-0@hydra-sat] requested a task
[master] Task 257 → worker-0@hydra-sat  cube=[-91 -136 156 165 167 -169 170 0]  timeout=1s
[master] Worker worker-7@hydra-sat task 240: count=0  avg=0.0s  next_timeout=1s
[master] Worker [worker-7@hydra-sat] requested a task
[master] Task 258 → worker-7@hydra-sat  cube=[-91 -136 156 165 167 -169 170 0]  timeout=1s
[master] Worker worker-7@hydra-sat task 258: count=0  avg=0.0s  next_timeout=1s
[master] Worker [worker-7@hydra-sat] requested a task
[master] Task 259 → worker-7@hydra-sat  cube=[-91 -136 156 165 -167 169 -170 0]  timeout=1s
[master] Worker worker-7@hydra-sat task 259: count=0  avg=0.0s  next_timeout=1s
[master] Worker [worker-7@hydra-sat] requested a task
[master] Task 260 → worker-7@hydra-sat  cube=[-91 -136 156 165 -167 169 -170 0]  timeout=1s
[master] Worker worker-7@hydra-sat task 260: count=0  avg=0.0s  next_timeout=1s
[master] Worker [worker-7@hydra-sat] requested a task
[master] Task 261 → worker-7@hydra-sat  cube=[-91 -136 156 -165 167 169 170 0]  timeout=1s
[master] Worker worker-7@hydra-sat task 261: count=0  avg=0.0s  next_timeout=1s
[master] Worker [worker-7@hydra-sat] requested a task
[master] Task 262 → worker-7@hydra-sat  cube=[-91 -136 156 -165 167 169 170 0]  timeout=1s
[master] Worker worker-7@hydra-sat task 262: count=0  avg=0.0s  next_timeout=1s
[master] Worker [worker-7@hydra-sat] requested a task
[master] Task 263 → worker-7@hydra-sat  cube=[-91 -136 156 -165 167 169 -170 0]  timeout=1s
[master] Worker worker-0@hydra-sat task 257: count=0  avg=0.0s  next_timeout=1s
[master] Worker worker-7@hydra-sat task 263: count=0  avg=0.0s  next_timeout=1s
[master] Worker [worker-7@hydra-sat] requested a task
[master] Task 264 → worker-7@hydra-sat  cube=[-91 -136 156 -165 167 169 -170 0]  timeout=1s
[master] Worker worker-7@hydra-sat task 264: count=0  avg=0.0s  next_timeout=1s
[master] Worker [worker-7@hydra-sat] requested a task
[master] Task 265 → worker-7@hydra-sat  cube=[-91 -136 156 -165 167 -169 170 0]  timeout=1s
[master] Worker worker-7@hydra-sat task 265: count=0  avg=0.0s  next_timeout=1s
[master] Worker [worker-7@hydra-sat] requested a task
[master] Task 266 → worker-7@hydra-sat  cube=[-91 -136 156 -165 167 -169 170 0]  timeout=1s
[master] Worker worker-7@hydra-sat task 266: count=0  avg=0.0s  next_timeout=1s
[master] Worker [worker-7@hydra-sat] requested a task
[master] Task 267 → worker-7@hydra-sat  cube=[-91 -136 156 -165 167 -169 -170 0]  timeout=1s
[master] Worker worker-7@hydra-sat task 267: count=0  avg=0.0s  next_timeout=1s
[master] Worker [worker-7@hydra-sat] requested a task
[master] Task 268 → worker-7@hydra-sat  cube=[-91 -136 156 -165 167 -169 -170 0]  timeout=1s
[master] Worker worker-7@hydra-sat task 268: count=0  avg=0.0s  next_timeout=1s
[master] Worker [worker-7@hydra-sat] requested a task
[master] Task 269 → worker-7@hydra-sat  cube=[-91 -136 156 -165 -167 169 -170 0]  timeout=1s
[master] Worker worker-7@hydra-sat task 269: count=0  avg=0.0s  next_timeout=1s
[master] Worker [worker-7@hydra-sat] requested a task
[master] Task 270 → worker-7@hydra-sat  cube=[-91 -136 156 -165 -167 169 -170 0]  timeout=1s
[master] Worker worker-7@hydra-sat task 270: count=0  avg=0.0s  next_timeout=1s
[master] Worker [worker-7@hydra-sat] requested a task
[master] Task 271 → worker-7@hydra-sat  cube=[-91 -136 -156 165 167 169 170 0]  timeout=1s
[master] Worker worker-7@hydra-sat task 271: count=0  avg=0.0s  next_timeout=1s
[master] Worker [worker-7@hydra-sat] requested a task
[master] Task 272 → worker-7@hydra-sat  cube=[-91 -136 -156 165 167 169 170 0]  timeout=1s
[master] Worker worker-7@hydra-sat task 272: count=0  avg=0.0s  next_timeout=1s
[master] Worker [worker-7@hydra-sat] requested a task
[master] Task 273 → worker-7@hydra-sat  cube=[-91 -136 -156 165 167 169 -170 0]  timeout=1s
[master] Worker worker-7@hydra-sat task 273: count=0  avg=0.0s  next_timeout=1s
[master] Worker [worker-7@hydra-sat] requested a task
[master] Task 274 → worker-7@hydra-sat  cube=[-91 -136 -156 165 167 169 -170 0]  timeout=1s
[master] Worker [worker-0@hydra-sat] requested a task
[master] Task 275 → worker-0@hydra-sat  cube=[-91 -136 -156 165 167 -169 170 0]  timeout=1s
[master] Worker worker-7@hydra-sat task 274: count=0  avg=0.0s  next_timeout=1s
[master] Worker [worker-7@hydra-sat] requested a task
[master] Task 276 → worker-7@hydra-sat  cube=[-91 -136 -156 165 167 -169 170 0]  timeout=1s
[master] Worker worker-7@hydra-sat task 276: count=0  avg=0.0s  next_timeout=1s
[master] Worker [worker-7@hydra-sat] requested a task
[master] Task 277 → worker-7@hydra-sat  cube=[-91 -136 -156 165 167 -169 -170 0]  timeout=1s
[master] Worker worker-0@hydra-sat task 275: count=0  avg=0.0s  next_timeout=1s
[master] Worker [worker-0@hydra-sat] requested a task
[master] Task 278 → worker-0@hydra-sat  cube=[-91 -136 -156 165 167 -169 -170 0]  timeout=1s
[master] Worker worker-7@hydra-sat task 277: count=0  avg=0.0s  next_timeout=1s
[master] Worker [worker-7@hydra-sat] requested a task
[master] Task 279 → worker-7@hydra-sat  cube=[-91 -136 -156 165 -167 169 -170 0]  timeout=1s
[master] Worker worker-0@hydra-sat task 278: count=0  avg=0.0s  next_timeout=1s
[master] Worker [worker-0@hydra-sat] requested a task
[master] Task 280 → worker-0@hydra-sat  cube=[-91 -136 -156 165 -167 169 -170 0]  timeout=1s
[master] Worker worker-7@hydra-sat task 279: count=0  avg=0.0s  next_timeout=1s
[master] Worker [worker-7@hydra-sat] requested a task
[master] Task 281 → worker-7@hydra-sat  cube=[-91 -136 -156 -165 167 169 170 0]  timeout=1s
[master] Worker worker-0@hydra-sat task 280: count=0  avg=0.0s  next_timeout=1s
[master] Worker [worker-0@hydra-sat] requested a task
[master] Task 282 → worker-0@hydra-sat  cube=[-91 -136 -156 -165 167 169 170 0]  timeout=1s
[master] Worker worker-7@hydra-sat task 281: count=0  avg=0.0s  next_timeout=1s
[master] Worker [worker-7@hydra-sat] requested a task
[master] Task 283 → worker-7@hydra-sat  cube=[-91 -136 -156 -165 167 169 -170 0]  timeout=1s
[master] Worker worker-0@hydra-sat task 282: count=0  avg=0.0s  next_timeout=1s
[master] Worker [worker-0@hydra-sat] requested a task
[master] Task 284 → worker-0@hydra-sat  cube=[-91 -136 -156 -165 167 169 -170 0]  timeout=1s
[master] Worker worker-7@hydra-sat task 283: count=0  avg=0.0s  next_timeout=1s
[master] Worker [worker-7@hydra-sat] requested a task
[master] Worker worker-0@hydra-sat task 284: count=0  avg=0.0s  next_timeout=1s
[master] Worker [worker-0@hydra-sat] requested a task
[master] Worker worker-1@hydra-sat TIMEOUT task 155: cube=[-91 -136 -156 -165 167 -169 170] — splitting (JW)
[master] Task 285 → worker-7@hydra-sat  cube=[-91 -136 -156 -165 167 -169 170 0]  timeout=1s
[master] Task 286 → worker-0@hydra-sat  cube=[-91 -136 -156 -165 167 -169 170 0]  timeout=1s
[master] Worker [worker-1@hydra-sat] requested a task
[master] Worker worker-7@hydra-sat task 285: count=0  avg=0.0s  next_timeout=1s
[master] Worker [worker-7@hydra-sat] requested a task
[master] Worker worker-6@hydra-sat TIMEOUT task 156: cube=[-91 -136 -156 -165 167 -169 -170] — splitting (JW)
[master] Worker worker-0@hydra-sat task 286: count=0  avg=0.0s  next_timeout=1s
[master] cnf_instances/rand3sat_170v_714c.cnf done in 36.3s — holding 3s for TUI…
[logger] failed to open log: open results/benchmark.csv: permission denied
[master] Worker [worker-0@hydra-sat] requested a task
[master] Task 288 → worker-7@hydra-sat  cube=[-91 -136 -156 -165 167 -169 -170 0]  timeout=1s
[master] Task 287 → worker-1@hydra-sat  cube=[-91 -136 -156 -165 167 -169 -170 0]  timeout=1s
[master] Worker [worker-6@hydra-sat] requested a task
[master] Worker worker-7@hydra-sat task 288: count=0  avg=0.0s  next_timeout=1s
[master] Worker [worker-7@hydra-sat] requested a task
[master] Worker worker-1@hydra-sat task 287: count=0  avg=0.0s  next_timeout=1s
[master] Worker [worker-1@hydra-sat] requested a task
[master] Worker [worker-5@hydra-sat] requested a task
[master] Worker [worker-2@hydra-sat] requested a task
[master] Worker [worker-3@hydra-sat] requested a task
[master] Worker [worker-4@hydra-sat] requested a task
=======================================
SOLVING COMPLETE
  File:        cnf_instances/rand3sat_170v_714c.cnf
  Model Count: 0
=======================================

[11/22] Loading CNF: cnf_instances/rand3sat_180v_540c.cnf
  180 vars, 540 clauses
[master] Solving cnf_instances/rand3sat_180v_540c.cnf  (64 initial cubes)
[master] Worker [worker-0@hydra-sat] requested a task
[master] Task 1 → worker-0@hydra-sat  cube=[147 155 177 178 180 0]  timeout=2147483647s
[master] Worker [worker-6@hydra-sat] requested a task
[master] Task 2 → worker-6@hydra-sat  cube=[147 155 177 178 180 0]  timeout=2147483647s
[master] Worker worker-0@hydra-sat task 1: count=0  avg=0.0s  next_timeout=1s
[master] Worker [worker-0@hydra-sat] requested a task
[master] Task 3 → worker-0@hydra-sat  cube=[147 155 177 178 -180 0]  timeout=1s
[master] Worker worker-6@hydra-sat task 2: count=0  avg=0.0s  next_timeout=1s
[master] Worker [worker-6@hydra-sat] requested a task
[master] Task 4 → worker-6@hydra-sat  cube=[147 155 177 178 -180 0]  timeout=1s
[master] Worker [worker-1@hydra-sat] requested a task
[master] Task 5 → worker-1@hydra-sat  cube=[147 155 177 -178 180 0]  timeout=1s
[master] Worker [worker-7@hydra-sat] requested a task
[master] Task 6 → worker-7@hydra-sat  cube=[147 155 177 -178 180 0]  timeout=1s
[master] Worker worker-0@hydra-sat task 3: count=0  avg=0.0s  next_timeout=1s
[master] Worker [worker-0@hydra-sat] requested a task
[master] Task 7 → worker-0@hydra-sat  cube=[147 155 177 -178 -180 0]  timeout=1s
[master] Worker worker-6@hydra-sat task 4: count=0  avg=0.0s  next_timeout=1s
[master] Worker [worker-6@hydra-sat] requested a task
[master] Task 8 → worker-6@hydra-sat  cube=[147 155 177 -178 -180 0]  timeout=1s
[master] Worker worker-1@hydra-sat task 5: count=0  avg=0.0s  next_timeout=1s
[master] Worker worker-7@hydra-sat task 6: count=0  avg=0.0s  next_timeout=1s
[master] Worker [worker-1@hydra-sat] requested a task
[master] Task 9 → worker-1@hydra-sat  cube=[147 155 -177 178 180 0]  timeout=1s
[master] Worker [worker-7@hydra-sat] requested a task
[master] Task 10 → worker-7@hydra-sat  cube=[147 155 -177 178 180 0]  timeout=1s
[master] Worker worker-0@hydra-sat task 7: count=0  avg=0.0s  next_timeout=1s
[master] Worker [worker-0@hydra-sat] requested a task
[master] Task 11 → worker-0@hydra-sat  cube=[147 155 -177 178 -180 0]  timeout=1s
[master] Worker worker-6@hydra-sat task 8: count=0  avg=0.0s  next_timeout=1s
[master] Worker [worker-6@hydra-sat] requested a task
[master] Task 12 → worker-6@hydra-sat  cube=[147 155 -177 178 -180 0]  timeout=1s
[master] Worker worker-1@hydra-sat task 9: count=0  avg=0.0s  next_timeout=1s
[master] Worker [worker-1@hydra-sat] requested a task
[master] Task 13 → worker-1@hydra-sat  cube=[147 155 -177 -178 180 0]  timeout=1s
[master] Worker worker-7@hydra-sat task 10: count=0  avg=0.0s  next_timeout=1s
[master] Worker [worker-7@hydra-sat] requested a task
[master] Task 14 → worker-7@hydra-sat  cube=[147 155 -177 -178 180 0]  timeout=1s
[master] Worker worker-0@hydra-sat task 11: count=0  avg=0.0s  next_timeout=1s
[master] Worker [worker-0@hydra-sat] requested a task
[master] Task 15 → worker-0@hydra-sat  cube=[147 155 -177 -178 -180 0]  timeout=1s
[master] Worker worker-6@hydra-sat task 12: count=0  avg=0.0s  next_timeout=1s
[master] Worker [worker-6@hydra-sat] requested a task
[master] Task 16 → worker-6@hydra-sat  cube=[147 155 -177 -178 -180 0]  timeout=1s
[master] Worker worker-1@hydra-sat task 13: count=0  avg=0.0s  next_timeout=1s
[master] Worker [worker-1@hydra-sat] requested a task
[master] Task 17 → worker-1@hydra-sat  cube=[147 -155 177 178 180 0]  timeout=1s
[master] Worker worker-7@hydra-sat task 14: count=0  avg=0.0s  next_timeout=1s
[master] Worker [worker-7@hydra-sat] requested a task
[master] Task 18 → worker-7@hydra-sat  cube=[147 -155 177 178 180 0]  timeout=1s
[master] Worker worker-0@hydra-sat task 15: count=0  avg=0.0s  next_timeout=1s
[master] Worker [worker-0@hydra-sat] requested a task
[master] Task 19 → worker-0@hydra-sat  cube=[147 -155 177 178 -180 0]  timeout=1s
[master] Worker worker-6@hydra-sat task 16: count=0  avg=0.0s  next_timeout=1s
[master] Worker [worker-6@hydra-sat] requested a task
[master] Task 20 → worker-6@hydra-sat  cube=[147 -155 177 178 -180 0]  timeout=1s
[master] Worker worker-1@hydra-sat task 17: count=0  avg=0.0s  next_timeout=1s
[master] Worker [worker-1@hydra-sat] requested a task
[master] Task 21 → worker-1@hydra-sat  cube=[147 -155 177 -178 180 0]  timeout=1s
[master] Worker worker-7@hydra-sat task 18: count=0  avg=0.0s  next_timeout=1s
[master] Worker [worker-7@hydra-sat] requested a task
[master] Task 22 → worker-7@hydra-sat  cube=[147 -155 177 -178 180 0]  timeout=1s
[master] Worker worker-0@hydra-sat task 19: count=0  avg=0.0s  next_timeout=1s
[master] Worker [worker-0@hydra-sat] requested a task
[master] Task 23 → worker-0@hydra-sat  cube=[147 -155 177 -178 -180 0]  timeout=1s
[master] Worker worker-6@hydra-sat task 20: count=0  avg=0.0s  next_timeout=1s
[master] Worker [worker-6@hydra-sat] requested a task
[master] Task 24 → worker-6@hydra-sat  cube=[147 -155 177 -178 -180 0]  timeout=1s
[master] Worker worker-7@hydra-sat task 22: count=0  avg=0.0s  next_timeout=1s
[master] Worker worker-1@hydra-sat task 21: count=0  avg=0.0s  next_timeout=1s
[master] Worker [worker-7@hydra-sat] requested a task
[master] Task 25 → worker-7@hydra-sat  cube=[147 -155 -177 178 180 0]  timeout=1s
[master] Worker [worker-1@hydra-sat] requested a task
[master] Task 26 → worker-1@hydra-sat  cube=[147 -155 -177 178 180 0]  timeout=1s
[master] Worker worker-0@hydra-sat task 23: count=0  avg=0.0s  next_timeout=1s
[master] Worker [worker-0@hydra-sat] requested a task
[master] Task 27 → worker-0@hydra-sat  cube=[147 -155 -177 178 -180 0]  timeout=1s
[master] Worker worker-6@hydra-sat task 24: count=0  avg=0.0s  next_timeout=1s
[master] Worker [worker-6@hydra-sat] requested a task
[master] Task 28 → worker-6@hydra-sat  cube=[147 -155 -177 178 -180 0]  timeout=1s
[master] Worker worker-1@hydra-sat task 26: count=0  avg=0.0s  next_timeout=1s
[master] Worker worker-7@hydra-sat task 25: count=0  avg=0.0s  next_timeout=1s
[master] Worker [worker-1@hydra-sat] requested a task
[master] Task 29 → worker-1@hydra-sat  cube=[147 -155 -177 -178 180 0]  timeout=1s
[master] Worker [worker-7@hydra-sat] requested a task
[master] Task 30 → worker-7@hydra-sat  cube=[147 -155 -177 -178 180 0]  timeout=1s
[master] Worker worker-0@hydra-sat task 27: count=0  avg=0.0s  next_timeout=1s
[master] Worker [worker-0@hydra-sat] requested a task
[master] Task 31 → worker-0@hydra-sat  cube=[147 -155 -177 -178 -180 0]  timeout=1s
[master] Worker worker-6@hydra-sat task 28: count=0  avg=0.0s  next_timeout=1s
[master] Worker [worker-6@hydra-sat] requested a task
[master] Task 32 → worker-6@hydra-sat  cube=[147 -155 -177 -178 -180 0]  timeout=1s
[master] Worker worker-1@hydra-sat task 29: count=0  avg=0.0s  next_timeout=1s
[master] Worker [worker-1@hydra-sat] requested a task
[master] Task 33 → worker-1@hydra-sat  cube=[-147 155 177 178 180 0]  timeout=1s
[master] Worker worker-7@hydra-sat task 30: count=0  avg=0.0s  next_timeout=1s
[master] Worker [worker-7@hydra-sat] requested a task
[master] Task 34 → worker-7@hydra-sat  cube=[-147 155 177 178 180 0]  timeout=1s
[master] Worker worker-0@hydra-sat task 31: count=0  avg=0.0s  next_timeout=1s
[master] Worker [worker-0@hydra-sat] requested a task
[master] Task 35 → worker-0@hydra-sat  cube=[-147 155 177 178 -180 0]  timeout=1s
[master] Worker worker-6@hydra-sat task 32: count=0  avg=0.0s  next_timeout=1s
[master] Worker [worker-6@hydra-sat] requested a task
[master] Task 36 → worker-6@hydra-sat  cube=[-147 155 177 178 -180 0]  timeout=1s
[master] Worker worker-7@hydra-sat task 34: count=0  avg=0.0s  next_timeout=1s
[master] Worker worker-1@hydra-sat task 33: count=0  avg=0.0s  next_timeout=1s
[master] Worker [worker-7@hydra-sat] requested a task
[master] Task 37 → worker-7@hydra-sat  cube=[-147 155 177 -178 180 0]  timeout=1s
[master] Worker [worker-1@hydra-sat] requested a task
[master] Task 38 → worker-1@hydra-sat  cube=[-147 155 177 -178 180 0]  timeout=1s
[master] Worker worker-0@hydra-sat task 35: count=0  avg=0.0s  next_timeout=1s
[master] Worker [worker-0@hydra-sat] requested a task
[master] Task 39 → worker-0@hydra-sat  cube=[-147 155 177 -178 -180 0]  timeout=1s
[master] Worker worker-6@hydra-sat task 36: count=0  avg=0.0s  next_timeout=1s
[master] Worker [worker-6@hydra-sat] requested a task
[master] Task 40 → worker-6@hydra-sat  cube=[-147 155 177 -178 -180 0]  timeout=1s
[master] Worker worker-7@hydra-sat task 37: count=0  avg=0.0s  next_timeout=1s
[master] Worker worker-1@hydra-sat task 38: count=0  avg=0.0s  next_timeout=1s
[master] Worker [worker-7@hydra-sat] requested a task
[master] Task 41 → worker-7@hydra-sat  cube=[-147 155 -177 178 180 0]  timeout=1s
[master] Worker [worker-1@hydra-sat] requested a task
[master] Task 42 → worker-1@hydra-sat  cube=[-147 155 -177 178 180 0]  timeout=1s
[master] Worker worker-0@hydra-sat task 39: count=0  avg=0.0s  next_timeout=1s
[master] Worker [worker-0@hydra-sat] requested a task
[master] Task 43 → worker-0@hydra-sat  cube=[-147 155 -177 178 -180 0]  timeout=1s
[master] Worker worker-6@hydra-sat task 40: count=0  avg=0.0s  next_timeout=1s
[master] Worker [worker-6@hydra-sat] requested a task
[master] Task 44 → worker-6@hydra-sat  cube=[-147 155 -177 178 -180 0]  timeout=1s
[master] Worker worker-7@hydra-sat task 41: count=0  avg=0.0s  next_timeout=1s
[master] Worker worker-1@hydra-sat task 42: count=0  avg=0.0s  next_timeout=1s
[master] Worker [worker-7@hydra-sat] requested a task
[master] Task 45 → worker-7@hydra-sat  cube=[-147 155 -177 -178 180 0]  timeout=1s
[master] Worker [worker-1@hydra-sat] requested a task
[master] Task 46 → worker-1@hydra-sat  cube=[-147 155 -177 -178 180 0]  timeout=1s
[master] Worker worker-0@hydra-sat task 43: count=0  avg=0.0s  next_timeout=1s
[master] Worker [worker-0@hydra-sat] requested a task
[master] Task 47 → worker-0@hydra-sat  cube=[-147 155 -177 -178 -180 0]  timeout=1s
[master] Worker worker-6@hydra-sat task 44: count=0  avg=0.0s  next_timeout=1s
[master] Worker [worker-6@hydra-sat] requested a task
[master] Task 48 → worker-6@hydra-sat  cube=[-147 155 -177 -178 -180 0]  timeout=1s
[master] Worker worker-7@hydra-sat task 45: count=0  avg=0.0s  next_timeout=1s
[master] Worker worker-1@hydra-sat task 46: count=0  avg=0.0s  next_timeout=1s
[master] Worker [worker-7@hydra-sat] requested a task
[master] Task 49 → worker-7@hydra-sat  cube=[-147 -155 177 178 180 0]  timeout=1s
[master] Worker [worker-1@hydra-sat] requested a task
[master] Task 50 → worker-1@hydra-sat  cube=[-147 -155 177 178 180 0]  timeout=1s
[master] Worker worker-0@hydra-sat task 47: count=0  avg=0.0s  next_timeout=1s
[master] Worker [worker-0@hydra-sat] requested a task
[master] Task 51 → worker-0@hydra-sat  cube=[-147 -155 177 178 -180 0]  timeout=1s
[master] Worker worker-6@hydra-sat task 48: count=0  avg=0.0s  next_timeout=1s
[master] Worker [worker-6@hydra-sat] requested a task
[master] Task 52 → worker-6@hydra-sat  cube=[-147 -155 177 178 -180 0]  timeout=1s
[master] Worker worker-7@hydra-sat task 49: count=0  avg=0.0s  next_timeout=1s
[master] Worker [worker-7@hydra-sat] requested a task
[master] Task 53 → worker-7@hydra-sat  cube=[-147 -155 177 -178 180 0]  timeout=1s
[master] Worker worker-1@hydra-sat task 50: count=0  avg=0.0s  next_timeout=1s
[master] Worker [worker-1@hydra-sat] requested a task
[master] Task 54 → worker-1@hydra-sat  cube=[-147 -155 177 -178 180 0]  timeout=1s
[master] Worker worker-0@hydra-sat task 51: count=0  avg=0.0s  next_timeout=1s
[master] Worker [worker-0@hydra-sat] requested a task
[master] Task 55 → worker-0@hydra-sat  cube=[-147 -155 177 -178 -180 0]  timeout=1s
[master] Worker worker-6@hydra-sat task 52: count=0  avg=0.0s  next_timeout=1s
[master] Worker [worker-6@hydra-sat] requested a task
[master] Task 56 → worker-6@hydra-sat  cube=[-147 -155 177 -178 -180 0]  timeout=1s
[master] Worker worker-7@hydra-sat task 53: count=0  avg=0.0s  next_timeout=1s
[master] Worker [worker-7@hydra-sat] requested a task
[master] Task 57 → worker-7@hydra-sat  cube=[-147 -155 -177 178 180 0]  timeout=1s
[master] Worker worker-1@hydra-sat task 54: count=0  avg=0.0s  next_timeout=1s
[master] Worker [worker-1@hydra-sat] requested a task
[master] Task 58 → worker-1@hydra-sat  cube=[-147 -155 -177 178 180 0]  timeout=1s
[master] Worker worker-0@hydra-sat task 55: count=0  avg=0.0s  next_timeout=1s
[master] Worker [worker-0@hydra-sat] requested a task
[master] Task 59 → worker-0@hydra-sat  cube=[-147 -155 -177 178 -180 0]  timeout=1s
[master] Worker worker-6@hydra-sat task 56: count=0  avg=0.0s  next_timeout=1s
[master] Worker [worker-6@hydra-sat] requested a task
[master] Task 60 → worker-6@hydra-sat  cube=[-147 -155 -177 178 -180 0]  timeout=1s
[master] Worker worker-7@hydra-sat task 57: count=0  avg=0.0s  next_timeout=1s
[master] Worker [worker-7@hydra-sat] requested a task
[master] Task 61 → worker-7@hydra-sat  cube=[-147 -155 -177 -178 180 0]  timeout=1s
[master] Worker worker-1@hydra-sat task 58: count=0  avg=0.0s  next_timeout=1s
[master] Worker [worker-1@hydra-sat] requested a task
[master] Task 62 → worker-1@hydra-sat  cube=[-147 -155 -177 -178 180 0]  timeout=1s
[master] Worker worker-0@hydra-sat task 59: count=0  avg=0.0s  next_timeout=1s
[master] Worker [worker-0@hydra-sat] requested a task
[master] Task 63 → worker-0@hydra-sat  cube=[-147 -155 -177 -178 -180 0]  timeout=1s
[master] Worker worker-6@hydra-sat task 60: count=0  avg=0.0s  next_timeout=1s
[master] Worker [worker-6@hydra-sat] requested a task
[master] Task 64 → worker-6@hydra-sat  cube=[-147 -155 -177 -178 -180 0]  timeout=1s
[master] Worker worker-7@hydra-sat task 61: count=0  avg=0.0s  next_timeout=1s
[master] Worker [worker-7@hydra-sat] requested a task
[master] Worker worker-0@hydra-sat task 63: count=0  avg=0.0s  next_timeout=1s
[master] Worker worker-1@hydra-sat task 62: count=0  avg=0.0s  next_timeout=1s
[master] Worker [worker-0@hydra-sat] requested a task
[master] Worker [worker-1@hydra-sat] requested a task
[master] Worker worker-6@hydra-sat task 64: count=0  avg=0.0s  next_timeout=1s
[master] cnf_instances/rand3sat_180v_540c.cnf done in 3.9s — holding 3s for TUI…
[logger] failed to open log: open results/benchmark.csv: permission denied
[master] Worker [worker-6@hydra-sat] requested a task
[master] Worker [worker-5@hydra-sat] requested a task
[master] Worker [worker-2@hydra-sat] requested a task
[master] Worker [worker-3@hydra-sat] requested a task
[master] Worker [worker-4@hydra-sat] requested a task
=======================================
SOLVING COMPLETE
  File:        cnf_instances/rand3sat_180v_540c.cnf
  Model Count: 0
=======================================

[12/22] Loading CNF: cnf_instances/rand3sat_180v_756c.cnf
  180 vars, 756 clauses
[master] Solving cnf_instances/rand3sat_180v_756c.cnf  (64 initial cubes)
[master] Worker [worker-7@hydra-sat] requested a task
[master] Task 1 → worker-7@hydra-sat  cube=[147 177 178 180 0 0]  timeout=2147483647s
[master] Worker [worker-1@hydra-sat] requested a task
[master] Task 2 → worker-1@hydra-sat  cube=[147 177 178 180 0 0]  timeout=2147483647s
[master] Worker [worker-0@hydra-sat] requested a task
[master] Task 3 → worker-0@hydra-sat  cube=[147 177 178 180 0 0]  timeout=2147483647s
[master] Worker worker-7@hydra-sat task 1: count=0  avg=0.0s  next_timeout=1s
[master] Worker [worker-7@hydra-sat] requested a task
[master] Task 4 → worker-7@hydra-sat  cube=[147 177 178 180 0 0]  timeout=1s
[master] Worker [worker-6@hydra-sat] requested a task
[master] Task 5 → worker-6@hydra-sat  cube=[147 177 178 -180 0 0]  timeout=1s
[master] Worker worker-0@hydra-sat task 3: count=0  avg=0.0s  next_timeout=1s
[master] Worker worker-1@hydra-sat task 2: count=0  avg=0.0s  next_timeout=1s
[master] Worker [worker-1@hydra-sat] requested a task
[master] Task 6 → worker-1@hydra-sat  cube=[147 177 178 -180 0 0]  timeout=1s
[master] Worker [worker-0@hydra-sat] requested a task
[master] Task 7 → worker-0@hydra-sat  cube=[147 177 178 -180 0 0]  timeout=1s
[master] Worker worker-7@hydra-sat task 4: count=0  avg=0.0s  next_timeout=1s
[master] Worker [worker-7@hydra-sat] requested a task
[master] Task 8 → worker-7@hydra-sat  cube=[147 177 178 -180 0 0]  timeout=1s
[master] Worker worker-6@hydra-sat task 5: count=0  avg=0.0s  next_timeout=1s
[master] Worker worker-1@hydra-sat task 6: count=0  avg=0.0s  next_timeout=1s
[master] Worker [worker-6@hydra-sat] requested a task
[master] Task 9 → worker-6@hydra-sat  cube=[147 177 -178 180 0 0]  timeout=1s
[master] Worker [worker-1@hydra-sat] requested a task
[master] Task 10 → worker-1@hydra-sat  cube=[147 177 -178 180 0 0]  timeout=1s
[master] Worker worker-0@hydra-sat task 7: count=0  avg=0.0s  next_timeout=1s
[master] Worker [worker-0@hydra-sat] requested a task
[master] Task 11 → worker-0@hydra-sat  cube=[147 177 -178 180 0 0]  timeout=1s
[master] Worker worker-7@hydra-sat task 8: count=0  avg=0.0s  next_timeout=1s
[master] Worker [worker-7@hydra-sat] requested a task
[master] Task 12 → worker-7@hydra-sat  cube=[147 177 -178 180 0 0]  timeout=1s
[master] Worker worker-6@hydra-sat task 9: count=0  avg=0.0s  next_timeout=1s
[master] Worker [worker-6@hydra-sat] requested a task
[master] Task 13 → worker-6@hydra-sat  cube=[147 177 -178 -180 0 0]  timeout=1s
[master] Worker worker-1@hydra-sat task 10: count=0  avg=0.0s  next_timeout=1s
[master] Worker [worker-1@hydra-sat] requested a task
[master] Task 14 → worker-1@hydra-sat  cube=[147 177 -178 -180 0 0]  timeout=1s
[master] Worker worker-0@hydra-sat task 11: count=0  avg=0.0s  next_timeout=1s
[master] Worker [worker-0@hydra-sat] requested a task
[master] Task 15 → worker-0@hydra-sat  cube=[147 177 -178 -180 0 0]  timeout=1s
[master] Worker worker-7@hydra-sat task 12: count=0  avg=0.0s  next_timeout=1s
[master] Worker [worker-7@hydra-sat] requested a task
[master] Task 16 → worker-7@hydra-sat  cube=[147 177 -178 -180 0 0]  timeout=1s
[master] Worker worker-6@hydra-sat task 13: count=0  avg=0.0s  next_timeout=1s
[master] Worker [worker-6@hydra-sat] requested a task
[master] Task 17 → worker-6@hydra-sat  cube=[147 -177 178 180 0 0]  timeout=1s
[master] Worker worker-1@hydra-sat task 14: count=0  avg=0.0s  next_timeout=1s
[master] Worker [worker-1@hydra-sat] requested a task
[master] Task 18 → worker-1@hydra-sat  cube=[147 -177 178 180 0 0]  timeout=1s
[master] Worker worker-0@hydra-sat task 15: count=0  avg=0.0s  next_timeout=1s
[master] Worker [worker-0@hydra-sat] requested a task
[master] Task 19 → worker-0@hydra-sat  cube=[147 -177 178 180 0 0]  timeout=1s
[master] Worker worker-7@hydra-sat task 16: count=0  avg=0.0s  next_timeout=1s
[master] Worker [worker-7@hydra-sat] requested a task
[master] Task 20 → worker-7@hydra-sat  cube=[147 -177 178 180 0 0]  timeout=1s
[master] Worker worker-6@hydra-sat task 17: count=0  avg=0.0s  next_timeout=1s
[master] Worker worker-1@hydra-sat task 18: count=0  avg=0.0s  next_timeout=1s
[master] Worker [worker-6@hydra-sat] requested a task
[master] Task 21 → worker-6@hydra-sat  cube=[147 -177 178 -180 0 0]  timeout=1s
[master] Worker [worker-1@hydra-sat] requested a task
[master] Task 22 → worker-1@hydra-sat  cube=[147 -177 178 -180 0 0]  timeout=1s
[master] Worker worker-0@hydra-sat task 19: count=0  avg=0.0s  next_timeout=1s
[master] Worker [worker-0@hydra-sat] requested a task
[master] Task 23 → worker-0@hydra-sat  cube=[147 -177 178 -180 0 0]  timeout=1s
[master] Worker worker-7@hydra-sat task 20: count=0  avg=0.0s  next_timeout=1s
[master] Worker [worker-7@hydra-sat] requested a task
[master] Task 24 → worker-7@hydra-sat  cube=[147 -177 178 -180 0 0]  timeout=1s
[master] Worker worker-6@hydra-sat task 21: count=0  avg=0.0s  next_timeout=1s
[master] Worker worker-1@hydra-sat task 22: count=0  avg=0.0s  next_timeout=1s
[master] Worker [worker-6@hydra-sat] requested a task
[master] Worker [worker-1@hydra-sat] requested a task
[master] Task 26 → worker-1@hydra-sat  cube=[147 -177 -178 180 0 0]  timeout=1s
[master] Task 25 → worker-6@hydra-sat  cube=[147 -177 -178 180 0 0]  timeout=1s
[master] Worker worker-0@hydra-sat task 23: count=0  avg=0.0s  next_timeout=1s
[master] Worker [worker-0@hydra-sat] requested a task
[master] Task 27 → worker-0@hydra-sat  cube=[147 -177 -178 180 0 0]  timeout=1s
[master] Worker worker-7@hydra-sat task 24: count=0  avg=0.0s  next_timeout=1s
[master] Worker [worker-7@hydra-sat] requested a task
[master] Task 28 → worker-7@hydra-sat  cube=[147 -177 -178 180 0 0]  timeout=1s
[master] Worker worker-1@hydra-sat task 26: count=0  avg=0.0s  next_timeout=1s
[master] Worker [worker-1@hydra-sat] requested a task
[master] Task 29 → worker-1@hydra-sat  cube=[147 -177 -178 -180 0 0]  timeout=1s
[master] Worker worker-6@hydra-sat task 25: count=0  avg=0.0s  next_timeout=1s
[master] Worker [worker-6@hydra-sat] requested a task
[master] Task 30 → worker-6@hydra-sat  cube=[147 -177 -178 -180 0 0]  timeout=1s
[master] Worker worker-0@hydra-sat task 27: count=0  avg=0.0s  next_timeout=1s
[master] Worker [worker-0@hydra-sat] requested a task
[master] Task 31 → worker-0@hydra-sat  cube=[147 -177 -178 -180 0 0]  timeout=1s
[master] Worker worker-7@hydra-sat task 28: count=0  avg=0.0s  next_timeout=1s
[master] Worker [worker-7@hydra-sat] requested a task
[master] Task 32 → worker-7@hydra-sat  cube=[147 -177 -178 -180 0 0]  timeout=1s
[master] Worker worker-1@hydra-sat task 29: count=0  avg=0.0s  next_timeout=1s
[master] Worker worker-6@hydra-sat task 30: count=0  avg=0.0s  next_timeout=1s
[master] Worker [worker-1@hydra-sat] requested a task
[master] Task 33 → worker-1@hydra-sat  cube=[-147 177 178 180 0 0]  timeout=1s
[master] Worker [worker-6@hydra-sat] requested a task
[master] Task 34 → worker-6@hydra-sat  cube=[-147 177 178 180 0 0]  timeout=1s
[master] Worker worker-0@hydra-sat task 31: count=0  avg=0.0s  next_timeout=1s
[master] Worker [worker-0@hydra-sat] requested a task
[master] Task 35 → worker-0@hydra-sat  cube=[-147 177 178 180 0 0]  timeout=1s
[master] Worker worker-7@hydra-sat task 32: count=0  avg=0.0s  next_timeout=1s
[master] Worker [worker-7@hydra-sat] requested a task
[master] Task 36 → worker-7@hydra-sat  cube=[-147 177 178 180 0 0]  timeout=1s
[master] Worker worker-1@hydra-sat task 33: count=0  avg=0.0s  next_timeout=1s
[master] Worker [worker-1@hydra-sat] requested a task
[master] Task 37 → worker-1@hydra-sat  cube=[-147 177 178 -180 0 0]  timeout=1s
[master] Worker worker-6@hydra-sat task 34: count=0  avg=0.0s  next_timeout=1s
[master] Worker [worker-6@hydra-sat] requested a task
[master] Task 38 → worker-6@hydra-sat  cube=[-147 177 178 -180 0 0]  timeout=1s
[master] Worker worker-0@hydra-sat task 35: count=0  avg=0.0s  next_timeout=1s
[master] Worker [worker-0@hydra-sat] requested a task
[master] Task 39 → worker-0@hydra-sat  cube=[-147 177 178 -180 0 0]  timeout=1s
[master] Worker worker-7@hydra-sat task 36: count=0  avg=0.0s  next_timeout=1s
[master] Worker [worker-7@hydra-sat] requested a task
[master] Task 40 → worker-7@hydra-sat  cube=[-147 177 178 -180 0 0]  timeout=1s
[master] Worker worker-1@hydra-sat task 37: count=0  avg=0.0s  next_timeout=1s
[master] Worker [worker-1@hydra-sat] requested a task
[master] Task 41 → worker-1@hydra-sat  cube=[-147 177 -178 180 0 0]  timeout=1s
[master] Worker worker-6@hydra-sat task 38: count=0  avg=0.0s  next_timeout=1s
[master] Worker [worker-6@hydra-sat] requested a task
[master] Task 42 → worker-6@hydra-sat  cube=[-147 177 -178 180 0 0]  timeout=1s
[master] Worker worker-0@hydra-sat task 39: count=0  avg=0.0s  next_timeout=1s
[master] Worker [worker-0@hydra-sat] requested a task
[master] Task 43 → worker-0@hydra-sat  cube=[-147 177 -178 180 0 0]  timeout=1s
[master] Worker worker-7@hydra-sat task 40: count=0  avg=0.0s  next_timeout=1s
[master] Worker [worker-7@hydra-sat] requested a task
[master] Task 44 → worker-7@hydra-sat  cube=[-147 177 -178 180 0 0]  timeout=1s
[master] Worker worker-1@hydra-sat task 41: count=0  avg=0.0s  next_timeout=1s
[master] Worker [worker-1@hydra-sat] requested a task
[master] Task 45 → worker-1@hydra-sat  cube=[-147 177 -178 -180 0 0]  timeout=1s
[master] Worker worker-6@hydra-sat task 42: count=0  avg=0.0s  next_timeout=1s
[master] Worker [worker-6@hydra-sat] requested a task
[master] Task 46 → worker-6@hydra-sat  cube=[-147 177 -178 -180 0 0]  timeout=1s
[master] Worker worker-0@hydra-sat task 43: count=0  avg=0.0s  next_timeout=1s
[master] Worker [worker-0@hydra-sat] requested a task
[master] Task 47 → worker-0@hydra-sat  cube=[-147 177 -178 -180 0 0]  timeout=1s
[master] Worker worker-7@hydra-sat task 44: count=0  avg=0.0s  next_timeout=1s
[master] Worker [worker-7@hydra-sat] requested a task
[master] Task 48 → worker-7@hydra-sat  cube=[-147 177 -178 -180 0 0]  timeout=1s
[master] Worker worker-1@hydra-sat task 45: count=0  avg=0.0s  next_timeout=1s
[master] Worker [worker-1@hydra-sat] requested a task
[master] Task 49 → worker-1@hydra-sat  cube=[-147 -177 178 180 0 0]  timeout=1s
[master] Worker worker-6@hydra-sat task 46: count=0  avg=0.0s  next_timeout=1s
[master] Worker [worker-6@hydra-sat] requested a task
[master] Task 50 → worker-6@hydra-sat  cube=[-147 -177 178 180 0 0]  timeout=1s
[master] Worker worker-0@hydra-sat task 47: count=0  avg=0.0s  next_timeout=1s
[master] Worker [worker-0@hydra-sat] requested a task
[master] Task 51 → worker-0@hydra-sat  cube=[-147 -177 178 180 0 0]  timeout=1s
[master] Worker worker-7@hydra-sat task 48: count=0  avg=0.0s  next_timeout=1s
[master] Worker [worker-7@hydra-sat] requested a task
[master] Task 52 → worker-7@hydra-sat  cube=[-147 -177 178 180 0 0]  timeout=1s
[master] Worker worker-1@hydra-sat task 49: count=0  avg=0.0s  next_timeout=1s
[master] Worker [worker-1@hydra-sat] requested a task
[master] Task 53 → worker-1@hydra-sat  cube=[-147 -177 178 -180 0 0]  timeout=1s
[master] Worker worker-6@hydra-sat task 50: count=0  avg=0.0s  next_timeout=1s
[master] Worker [worker-6@hydra-sat] requested a task
[master] Task 54 → worker-6@hydra-sat  cube=[-147 -177 178 -180 0 0]  timeout=1s
[master] Worker worker-0@hydra-sat task 51: count=0  avg=0.0s  next_timeout=1s
[master] Worker [worker-0@hydra-sat] requested a task
[master] Task 55 → worker-0@hydra-sat  cube=[-147 -177 178 -180 0 0]  timeout=1s
[master] Worker worker-7@hydra-sat task 52: count=0  avg=0.0s  next_timeout=1s
[master] Worker [worker-7@hydra-sat] requested a task
[master] Task 56 → worker-7@hydra-sat  cube=[-147 -177 178 -180 0 0]  timeout=1s
[master] Worker worker-1@hydra-sat task 53: count=0  avg=0.0s  next_timeout=1s
[master] Worker [worker-1@hydra-sat] requested a task
[master] Task 57 → worker-1@hydra-sat  cube=[-147 -177 -178 180 0 0]  timeout=1s
[master] Worker worker-6@hydra-sat task 54: count=0  avg=0.0s  next_timeout=1s
[master] Worker [worker-6@hydra-sat] requested a task
[master] Task 58 → worker-6@hydra-sat  cube=[-147 -177 -178 180 0 0]  timeout=1s
[master] Worker worker-0@hydra-sat task 55: count=0  avg=0.0s  next_timeout=1s
[master] Worker [worker-0@hydra-sat] requested a task
[master] Task 59 → worker-0@hydra-sat  cube=[-147 -177 -178 180 0 0]  timeout=1s
[master] Worker worker-7@hydra-sat task 56: count=0  avg=0.0s  next_timeout=1s
[master] Worker [worker-7@hydra-sat] requested a task
[master] Task 60 → worker-7@hydra-sat  cube=[-147 -177 -178 180 0 0]  timeout=1s
[master] Worker worker-1@hydra-sat task 57: count=0  avg=0.0s  next_timeout=1s
[master] Worker [worker-1@hydra-sat] requested a task
[master] Task 61 → worker-1@hydra-sat  cube=[-147 -177 -178 -180 0 0]  timeout=1s
[master] Worker worker-6@hydra-sat task 58: count=0  avg=0.0s  next_timeout=1s
[master] Worker [worker-6@hydra-sat] requested a task
[master] Task 62 → worker-6@hydra-sat  cube=[-147 -177 -178 -180 0 0]  timeout=1s
[master] Worker worker-0@hydra-sat task 59: count=0  avg=0.0s  next_timeout=1s
[master] Worker [worker-0@hydra-sat] requested a task
[master] Task 63 → worker-0@hydra-sat  cube=[-147 -177 -178 -180 0 0]  timeout=1s
[master] Worker worker-7@hydra-sat task 60: count=0  avg=0.0s  next_timeout=1s
[master] Worker [worker-7@hydra-sat] requested a task
[master] Task 64 → worker-7@hydra-sat  cube=[-147 -177 -178 -180 0 0]  timeout=1s
[master] Worker worker-1@hydra-sat task 61: count=0  avg=0.0s  next_timeout=1s
[master] Worker [worker-1@hydra-sat] requested a task
[master] Worker worker-6@hydra-sat task 62: count=0  avg=0.0s  next_timeout=1s
[master] Worker [worker-6@hydra-sat] requested a task
[master] Worker worker-0@hydra-sat task 63: count=0  avg=0.0s  next_timeout=1s
[master] Worker [worker-0@hydra-sat] requested a task
[master] Worker worker-7@hydra-sat task 64: count=0  avg=0.0s  next_timeout=1s
[master] cnf_instances/rand3sat_180v_756c.cnf done in 3.9s — holding 3s for TUI…
[logger] failed to open log: open results/benchmark.csv: permission denied
[master] Worker [worker-7@hydra-sat] requested a task
[master] Worker [worker-5@hydra-sat] requested a task
[master] Worker [worker-3@hydra-sat] requested a task
[master] Worker [worker-2@hydra-sat] requested a task
[master] Worker [worker-4@hydra-sat] requested a task
=======================================
SOLVING COMPLETE
  File:        cnf_instances/rand3sat_180v_756c.cnf
  Model Count: 0
=======================================

[13/22] Loading CNF: cnf_instances/rand3sat_190v_570c.cnf
  190 vars, 570 clauses
[master] Solving cnf_instances/rand3sat_190v_570c.cnf  (64 initial cubes)
[master] Worker [worker-6@hydra-sat] requested a task
[master] Worker [worker-0@hydra-sat] requested a task
[master] Worker [worker-1@hydra-sat] requested a task
[master] Task 1 → worker-6@hydra-sat  cube=[176 179 185 186 187 188]  timeout=2147483647s
[master] Task 2 → worker-0@hydra-sat  cube=[176 179 185 186 187 -188]  timeout=2147483647s
[master] Task 3 → worker-1@hydra-sat  cube=[176 179 185 186 -187 188]  timeout=2147483647s
[master] Worker [worker-7@hydra-sat] requested a task
[master] Task 4 → worker-7@hydra-sat  cube=[176 179 185 186 -187 -188]  timeout=2147483647s
